-- phpMyAdmin SQL Dump
-- version 5.1.1
-- https://www.phpmyadmin.net/
--
-- Servidor: 127.0.0.1
-- Tiempo de generación: 05-02-2022 a las 01:46:08
-- Versión del servidor: 10.4.20-MariaDB
-- Versión de PHP: 7.4.21

SET SQL_MODE = "NO_AUTO_VALUE_ON_ZERO";
START TRANSACTION;
SET time_zone = "+00:00";


/*!40101 SET @OLD_CHARACTER_SET_CLIENT=@@CHARACTER_SET_CLIENT */;
/*!40101 SET @OLD_CHARACTER_SET_RESULTS=@@CHARACTER_SET_RESULTS */;
/*!40101 SET @OLD_COLLATION_CONNECTION=@@COLLATION_CONNECTION */;
/*!40101 SET NAMES utf8mb4 */;

--
-- Base de datos: `pruebadesa_nombre_aspirante`
--

-- --------------------------------------------------------

--
-- Estructura de tabla para la tabla `departamentos`
--

CREATE TABLE `departamentos` (
  `id` bigint(20) UNSIGNED NOT NULL,
  `nombdepa` varchar(255) COLLATE utf8mb4_unicode_ci NOT NULL,
  `created_at` timestamp NULL DEFAULT NULL,
  `updated_at` timestamp NULL DEFAULT NULL
) ENGINE=InnoDB DEFAULT CHARSET=utf8mb4 COLLATE=utf8mb4_unicode_ci;

--
-- Volcado de datos para la tabla `departamentos`
--

INSERT INTO `departamentos` (`id`, `nombdepa`, `created_at`, `updated_at`) VALUES
(1, 'Antioquia', '0000-00-00 00:00:00', '0000-00-00 00:00:00'),
(2, 'Atlantico', '0000-00-00 00:00:00', '0000-00-00 00:00:00'),
(3, 'Bogotá', '0000-00-00 00:00:00', '0000-00-00 00:00:00'),
(4, 'Bolivar', '0000-00-00 00:00:00', '0000-00-00 00:00:00'),
(5, 'Boyaca', '0000-00-00 00:00:00', '0000-00-00 00:00:00'),
(6, 'Caldas', '0000-00-00 00:00:00', '0000-00-00 00:00:00'),
(7, 'Caqueta', '0000-00-00 00:00:00', '0000-00-00 00:00:00'),
(8, 'Cauca', '0000-00-00 00:00:00', '0000-00-00 00:00:00'),
(9, 'Cesar', '0000-00-00 00:00:00', '0000-00-00 00:00:00'),
(10, 'Cordova', '0000-00-00 00:00:00', '0000-00-00 00:00:00'),
(11, 'Cundinamarca', '0000-00-00 00:00:00', '0000-00-00 00:00:00'),
(12, 'Choco', '0000-00-00 00:00:00', '0000-00-00 00:00:00'),
(13, 'Huila', '0000-00-00 00:00:00', '0000-00-00 00:00:00'),
(14, 'La Guajira', '0000-00-00 00:00:00', '0000-00-00 00:00:00'),
(15, 'Magdalena', '0000-00-00 00:00:00', '0000-00-00 00:00:00'),
(16, 'Meta', '0000-00-00 00:00:00', '0000-00-00 00:00:00'),
(17, 'Nariño', '0000-00-00 00:00:00', '0000-00-00 00:00:00'),
(18, 'Norte de Santander', '0000-00-00 00:00:00', '0000-00-00 00:00:00'),
(19, 'Quindio', '0000-00-00 00:00:00', '0000-00-00 00:00:00'),
(20, 'Risaralda', '0000-00-00 00:00:00', '0000-00-00 00:00:00'),
(21, 'Santander', '0000-00-00 00:00:00', '0000-00-00 00:00:00'),
(22, 'Sucre', '0000-00-00 00:00:00', '0000-00-00 00:00:00'),
(23, 'Tolima', '0000-00-00 00:00:00', '0000-00-00 00:00:00'),
(24, 'Valle', '0000-00-00 00:00:00', '0000-00-00 00:00:00'),
(25, 'Arauca', '0000-00-00 00:00:00', '0000-00-00 00:00:00'),
(26, 'Casanare', '0000-00-00 00:00:00', '0000-00-00 00:00:00'),
(27, 'Putumayo', '0000-00-00 00:00:00', '0000-00-00 00:00:00'),
(28, 'San Andres', '0000-00-00 00:00:00', '0000-00-00 00:00:00'),
(29, 'Amazonas', '0000-00-00 00:00:00', '0000-00-00 00:00:00'),
(30, 'Guainia', '0000-00-00 00:00:00', '0000-00-00 00:00:00'),
(31, 'Guaviare', '0000-00-00 00:00:00', '0000-00-00 00:00:00'),
(32, 'Vaupes', '0000-00-00 00:00:00', '0000-00-00 00:00:00'),
(33, 'Vichada', '0000-00-00 00:00:00', '0000-00-00 00:00:00');

-- --------------------------------------------------------

--
-- Estructura de tabla para la tabla `migrations`
--

CREATE TABLE `migrations` (
  `id` int(10) UNSIGNED NOT NULL,
  `migration` varchar(255) COLLATE utf8mb4_unicode_ci NOT NULL,
  `batch` int(11) NOT NULL
) ENGINE=InnoDB DEFAULT CHARSET=utf8mb4 COLLATE=utf8mb4_unicode_ci;

--
-- Volcado de datos para la tabla `migrations`
--

INSERT INTO `migrations` (`id`, `migration`, `batch`) VALUES
(1, '2019_12_14_000001_create_personal_access_tokens_table', 1),
(2, '2022_02_04_185741_create_departamentos_table', 1),
(3, '2022_02_04_185804_create_municipios_table', 1),
(4, '2022_02_04_185817_create_tipoterceros_table', 1),
(5, '2022_02_04_185827_create_terceros_table', 1);

-- --------------------------------------------------------

--
-- Estructura de tabla para la tabla `municipios`
--

CREATE TABLE `municipios` (
  `id` bigint(20) UNSIGNED NOT NULL,
  `iddepa` bigint(20) UNSIGNED NOT NULL,
  `nombmuni` varchar(255) COLLATE utf8mb4_unicode_ci NOT NULL,
  `created_at` timestamp NULL DEFAULT NULL,
  `updated_at` timestamp NULL DEFAULT NULL
) ENGINE=InnoDB DEFAULT CHARSET=utf8mb4 COLLATE=utf8mb4_unicode_ci;

--
-- Volcado de datos para la tabla `municipios`
--

INSERT INTO `municipios` (`id`, `iddepa`, `nombmuni`, `created_at`, `updated_at`) VALUES
(1, 1, 'MEDELLIN', '0000-00-00 00:00:00', '0000-00-00 00:00:00'),
(2, 1, 'ABEJORRAL', '0000-00-00 00:00:00', '0000-00-00 00:00:00'),
(3, 1, 'ABRIAQUI', '0000-00-00 00:00:00', '0000-00-00 00:00:00'),
(4, 1, 'ALEJANDRIA', '0000-00-00 00:00:00', '0000-00-00 00:00:00'),
(5, 1, 'AMAGA', '0000-00-00 00:00:00', '0000-00-00 00:00:00'),
(6, 1, 'AMALFI', '0000-00-00 00:00:00', '0000-00-00 00:00:00'),
(7, 1, 'ANDES', '0000-00-00 00:00:00', '0000-00-00 00:00:00'),
(8, 1, 'ANGELOPOLIS', '0000-00-00 00:00:00', '0000-00-00 00:00:00'),
(9, 1, 'ANGOSTURA', '0000-00-00 00:00:00', '0000-00-00 00:00:00'),
(10, 1, 'ANORI', '0000-00-00 00:00:00', '0000-00-00 00:00:00'),
(11, 1, 'ANTIOQUIA', '0000-00-00 00:00:00', '0000-00-00 00:00:00'),
(12, 1, 'ANZA', '0000-00-00 00:00:00', '0000-00-00 00:00:00'),
(13, 1, 'APARTADO', '0000-00-00 00:00:00', '0000-00-00 00:00:00'),
(14, 1, 'ARBOLETES', '0000-00-00 00:00:00', '0000-00-00 00:00:00'),
(15, 1, 'ARGELIA', '0000-00-00 00:00:00', '0000-00-00 00:00:00'),
(16, 1, 'ARMENIA', '0000-00-00 00:00:00', '0000-00-00 00:00:00'),
(17, 1, 'BARBOSA', '0000-00-00 00:00:00', '0000-00-00 00:00:00'),
(18, 1, 'BELMIRA', '0000-00-00 00:00:00', '0000-00-00 00:00:00'),
(19, 1, 'BELLO', '0000-00-00 00:00:00', '0000-00-00 00:00:00'),
(20, 1, 'BETANIA', '0000-00-00 00:00:00', '0000-00-00 00:00:00'),
(21, 1, 'BETULIA', '0000-00-00 00:00:00', '0000-00-00 00:00:00'),
(22, 1, 'BOLIVAR', '0000-00-00 00:00:00', '0000-00-00 00:00:00'),
(23, 1, 'BRICEÑO', '0000-00-00 00:00:00', '0000-00-00 00:00:00'),
(24, 1, 'BURITICA', '0000-00-00 00:00:00', '0000-00-00 00:00:00'),
(25, 1, 'CACERES', '0000-00-00 00:00:00', '0000-00-00 00:00:00'),
(26, 1, 'CAICEDO', '0000-00-00 00:00:00', '0000-00-00 00:00:00'),
(27, 1, 'CALDAS', '0000-00-00 00:00:00', '0000-00-00 00:00:00'),
(28, 1, 'CAMPAMENTO', '0000-00-00 00:00:00', '0000-00-00 00:00:00'),
(29, 1, 'CAÑASGORDAS', '0000-00-00 00:00:00', '0000-00-00 00:00:00'),
(30, 1, 'CARACOLI', '0000-00-00 00:00:00', '0000-00-00 00:00:00'),
(31, 1, 'CARAMANTA', '0000-00-00 00:00:00', '0000-00-00 00:00:00'),
(32, 1, 'CAREPA', '0000-00-00 00:00:00', '0000-00-00 00:00:00'),
(33, 1, 'CARMEN DE VIBORAL', '0000-00-00 00:00:00', '0000-00-00 00:00:00'),
(34, 1, 'CAROLINA', '0000-00-00 00:00:00', '0000-00-00 00:00:00'),
(35, 1, 'CAUCASIA', '0000-00-00 00:00:00', '0000-00-00 00:00:00'),
(36, 1, 'CHIGORODO', '0000-00-00 00:00:00', '0000-00-00 00:00:00'),
(37, 1, 'CISNEROS', '0000-00-00 00:00:00', '0000-00-00 00:00:00'),
(38, 1, 'COCORNA', '0000-00-00 00:00:00', '0000-00-00 00:00:00'),
(39, 1, 'CONCEPCION', '0000-00-00 00:00:00', '0000-00-00 00:00:00'),
(40, 1, 'CONCORDIA', '0000-00-00 00:00:00', '0000-00-00 00:00:00'),
(41, 1, 'COPACABANA', '0000-00-00 00:00:00', '0000-00-00 00:00:00'),
(42, 1, 'DABEIBA', '0000-00-00 00:00:00', '0000-00-00 00:00:00'),
(43, 1, 'DON MATIAS', '0000-00-00 00:00:00', '0000-00-00 00:00:00'),
(44, 1, 'EBEJICO', '0000-00-00 00:00:00', '0000-00-00 00:00:00'),
(45, 1, 'EL BAGRE', '0000-00-00 00:00:00', '0000-00-00 00:00:00'),
(46, 1, 'ENTRERRIOS', '0000-00-00 00:00:00', '0000-00-00 00:00:00'),
(47, 1, 'ENVIGADO', '0000-00-00 00:00:00', '0000-00-00 00:00:00'),
(48, 1, 'FREDONIA', '0000-00-00 00:00:00', '0000-00-00 00:00:00'),
(49, 1, 'FRONTINO', '0000-00-00 00:00:00', '0000-00-00 00:00:00'),
(50, 1, 'GIRALDO', '0000-00-00 00:00:00', '0000-00-00 00:00:00'),
(51, 1, 'GIRARDOTA', '0000-00-00 00:00:00', '0000-00-00 00:00:00'),
(52, 1, 'GOMEZ PLATA', '0000-00-00 00:00:00', '0000-00-00 00:00:00'),
(53, 1, 'GRANADA', '0000-00-00 00:00:00', '0000-00-00 00:00:00'),
(54, 1, 'GUADALUPE', '0000-00-00 00:00:00', '0000-00-00 00:00:00'),
(55, 1, 'GUARNE', '0000-00-00 00:00:00', '0000-00-00 00:00:00'),
(56, 1, 'GUATAPE', '0000-00-00 00:00:00', '0000-00-00 00:00:00'),
(57, 1, 'HELICONIA', '0000-00-00 00:00:00', '0000-00-00 00:00:00'),
(58, 1, 'HISPANIA', '0000-00-00 00:00:00', '0000-00-00 00:00:00'),
(59, 1, 'ITAGUI', '0000-00-00 00:00:00', '0000-00-00 00:00:00'),
(60, 1, 'ITUANGO', '0000-00-00 00:00:00', '0000-00-00 00:00:00'),
(61, 1, 'JARDIN', '0000-00-00 00:00:00', '0000-00-00 00:00:00'),
(62, 1, 'JERICO', '0000-00-00 00:00:00', '0000-00-00 00:00:00'),
(63, 1, 'LA CEJA', '0000-00-00 00:00:00', '0000-00-00 00:00:00'),
(64, 1, 'LA ESTRELLA', '0000-00-00 00:00:00', '0000-00-00 00:00:00'),
(65, 1, 'LA PINTADA', '0000-00-00 00:00:00', '0000-00-00 00:00:00'),
(66, 1, 'LA UNION', '0000-00-00 00:00:00', '0000-00-00 00:00:00'),
(67, 1, 'LIBORINA', '0000-00-00 00:00:00', '0000-00-00 00:00:00'),
(68, 1, 'MACEO', '0000-00-00 00:00:00', '0000-00-00 00:00:00'),
(69, 1, 'MARINILLA', '0000-00-00 00:00:00', '0000-00-00 00:00:00'),
(70, 1, 'MONTEBELLO', '0000-00-00 00:00:00', '0000-00-00 00:00:00'),
(71, 1, 'MURINDO', '0000-00-00 00:00:00', '0000-00-00 00:00:00'),
(72, 1, 'MUTATA', '0000-00-00 00:00:00', '0000-00-00 00:00:00'),
(73, 1, 'NARIÑO', '0000-00-00 00:00:00', '0000-00-00 00:00:00'),
(74, 1, 'NECOCLI', '0000-00-00 00:00:00', '0000-00-00 00:00:00'),
(75, 1, 'NECHI', '0000-00-00 00:00:00', '0000-00-00 00:00:00'),
(76, 1, 'OLAYA', '0000-00-00 00:00:00', '0000-00-00 00:00:00'),
(77, 1, 'PEÑOL', '0000-00-00 00:00:00', '0000-00-00 00:00:00'),
(78, 1, 'PEQUE', '0000-00-00 00:00:00', '0000-00-00 00:00:00'),
(79, 1, 'PUEBLORRICO', '0000-00-00 00:00:00', '0000-00-00 00:00:00'),
(80, 1, 'PUERTO BERRIO', '0000-00-00 00:00:00', '0000-00-00 00:00:00'),
(81, 1, 'PUERTO NARE', '0000-00-00 00:00:00', '0000-00-00 00:00:00'),
(82, 1, 'PUERTO TRIUNFO', '0000-00-00 00:00:00', '0000-00-00 00:00:00'),
(83, 1, 'REMEDIOS', '0000-00-00 00:00:00', '0000-00-00 00:00:00'),
(84, 1, 'RETIRO', '0000-00-00 00:00:00', '0000-00-00 00:00:00'),
(85, 1, 'RIONEGRO', '0000-00-00 00:00:00', '0000-00-00 00:00:00'),
(86, 1, 'SABANALARGA', '0000-00-00 00:00:00', '0000-00-00 00:00:00'),
(87, 1, 'SABANETA', '0000-00-00 00:00:00', '0000-00-00 00:00:00'),
(88, 1, 'SALGAR', '0000-00-00 00:00:00', '0000-00-00 00:00:00'),
(89, 1, 'SAN ANDRES', '0000-00-00 00:00:00', '0000-00-00 00:00:00'),
(90, 1, 'SAN CARLOS', '0000-00-00 00:00:00', '0000-00-00 00:00:00'),
(91, 1, 'SAN FRANCISCO', '0000-00-00 00:00:00', '0000-00-00 00:00:00'),
(92, 1, 'SAN JERONIMO', '0000-00-00 00:00:00', '0000-00-00 00:00:00'),
(93, 1, 'SAN JOSE DE LA MONTAÑA', '0000-00-00 00:00:00', '0000-00-00 00:00:00'),
(94, 1, 'SAN JUAN DE URABA', '0000-00-00 00:00:00', '0000-00-00 00:00:00'),
(95, 1, 'SAN LUIS', '0000-00-00 00:00:00', '0000-00-00 00:00:00'),
(96, 1, 'SAN PEDRO', '0000-00-00 00:00:00', '0000-00-00 00:00:00'),
(97, 1, 'SAN PEDRO DE URABA', '0000-00-00 00:00:00', '0000-00-00 00:00:00'),
(98, 1, 'SAN RAFAEL', '0000-00-00 00:00:00', '0000-00-00 00:00:00'),
(99, 1, 'SAN ROQUE', '0000-00-00 00:00:00', '0000-00-00 00:00:00'),
(100, 1, 'SAN VICENTE', '0000-00-00 00:00:00', '0000-00-00 00:00:00'),
(101, 1, 'SANTA BARBARA', '0000-00-00 00:00:00', '0000-00-00 00:00:00'),
(102, 1, 'SANTA ROSA DE OSOS', '0000-00-00 00:00:00', '0000-00-00 00:00:00'),
(103, 1, 'SANTO DOMINGO', '0000-00-00 00:00:00', '0000-00-00 00:00:00'),
(104, 1, 'SANTUARIO', '0000-00-00 00:00:00', '0000-00-00 00:00:00'),
(105, 1, 'SEGOVIA', '0000-00-00 00:00:00', '0000-00-00 00:00:00'),
(106, 1, 'SONSON', '0000-00-00 00:00:00', '0000-00-00 00:00:00'),
(107, 1, 'SOPETRAN', '0000-00-00 00:00:00', '0000-00-00 00:00:00'),
(108, 1, 'TAMESIS', '0000-00-00 00:00:00', '0000-00-00 00:00:00'),
(109, 1, 'TARAZA', '0000-00-00 00:00:00', '0000-00-00 00:00:00'),
(110, 1, 'TARSO', '0000-00-00 00:00:00', '0000-00-00 00:00:00'),
(111, 1, 'TITIRIBI', '0000-00-00 00:00:00', '0000-00-00 00:00:00'),
(112, 1, 'TOLEDO', '0000-00-00 00:00:00', '0000-00-00 00:00:00'),
(113, 1, 'TURBO', '0000-00-00 00:00:00', '0000-00-00 00:00:00'),
(114, 1, 'URAMITA', '0000-00-00 00:00:00', '0000-00-00 00:00:00'),
(115, 1, 'URRAO', '0000-00-00 00:00:00', '0000-00-00 00:00:00'),
(116, 1, 'VALDIVIA', '0000-00-00 00:00:00', '0000-00-00 00:00:00'),
(117, 1, 'VALPARAISO', '0000-00-00 00:00:00', '0000-00-00 00:00:00'),
(118, 1, 'VEGACHI', '0000-00-00 00:00:00', '0000-00-00 00:00:00'),
(119, 1, 'VENECIA', '0000-00-00 00:00:00', '0000-00-00 00:00:00'),
(120, 1, 'VIGIA DEL FUERTE', '0000-00-00 00:00:00', '0000-00-00 00:00:00'),
(121, 1, 'YALI', '0000-00-00 00:00:00', '0000-00-00 00:00:00'),
(122, 1, 'YARUMAL', '0000-00-00 00:00:00', '0000-00-00 00:00:00'),
(123, 1, 'YOLOMBO', '0000-00-00 00:00:00', '0000-00-00 00:00:00'),
(124, 1, 'YONDO', '0000-00-00 00:00:00', '0000-00-00 00:00:00'),
(125, 1, 'ZARAGOZA', '0000-00-00 00:00:00', '0000-00-00 00:00:00'),
(126, 2, 'BARRANQUILLA', '0000-00-00 00:00:00', '0000-00-00 00:00:00'),
(127, 2, 'BARANOA', '0000-00-00 00:00:00', '0000-00-00 00:00:00'),
(128, 2, 'CAMPO DE LA CRUZ', '0000-00-00 00:00:00', '0000-00-00 00:00:00'),
(129, 2, 'CANDELARIA', '0000-00-00 00:00:00', '0000-00-00 00:00:00'),
(130, 2, 'GALAPA', '0000-00-00 00:00:00', '0000-00-00 00:00:00'),
(131, 2, 'JUAN DE ACOSTA', '0000-00-00 00:00:00', '0000-00-00 00:00:00'),
(132, 2, 'LURUACO', '0000-00-00 00:00:00', '0000-00-00 00:00:00'),
(133, 2, 'MALAMBO', '0000-00-00 00:00:00', '0000-00-00 00:00:00'),
(134, 2, 'MANATI', '0000-00-00 00:00:00', '0000-00-00 00:00:00'),
(135, 2, 'PALMAR DE VARELA', '0000-00-00 00:00:00', '0000-00-00 00:00:00'),
(136, 2, 'PIOJO', '0000-00-00 00:00:00', '0000-00-00 00:00:00'),
(137, 2, 'POLO NUEVO', '0000-00-00 00:00:00', '0000-00-00 00:00:00'),
(138, 2, 'PONEDERA', '0000-00-00 00:00:00', '0000-00-00 00:00:00'),
(139, 2, 'PUERTO COLOMBIA', '0000-00-00 00:00:00', '0000-00-00 00:00:00'),
(140, 2, 'REPELON', '0000-00-00 00:00:00', '0000-00-00 00:00:00'),
(141, 2, 'SABANAGRANDE', '0000-00-00 00:00:00', '0000-00-00 00:00:00'),
(142, 2, 'SABANALARGA', '0000-00-00 00:00:00', '0000-00-00 00:00:00'),
(143, 2, 'SANTA LUCIA', '0000-00-00 00:00:00', '0000-00-00 00:00:00'),
(144, 2, 'SANTO TOMAS', '0000-00-00 00:00:00', '0000-00-00 00:00:00'),
(145, 2, 'SOLEDAD', '0000-00-00 00:00:00', '0000-00-00 00:00:00'),
(146, 2, 'SUAN', '0000-00-00 00:00:00', '0000-00-00 00:00:00'),
(147, 2, 'TUBARA', '0000-00-00 00:00:00', '0000-00-00 00:00:00'),
(148, 2, 'USIACURI', '0000-00-00 00:00:00', '0000-00-00 00:00:00'),
(149, 3, 'Santa Fe de Bogotá', '0000-00-00 00:00:00', '0000-00-00 00:00:00'),
(150, 3, 'USAQUEN', '0000-00-00 00:00:00', '0000-00-00 00:00:00'),
(151, 3, 'CHAPINERO', '0000-00-00 00:00:00', '0000-00-00 00:00:00'),
(152, 3, 'SANTA FE', '0000-00-00 00:00:00', '0000-00-00 00:00:00'),
(153, 3, 'SAN CRISTOBAL', '0000-00-00 00:00:00', '0000-00-00 00:00:00'),
(154, 3, 'USME', '0000-00-00 00:00:00', '0000-00-00 00:00:00'),
(155, 3, 'TUNJUELITO', '0000-00-00 00:00:00', '0000-00-00 00:00:00'),
(156, 3, 'BOSA', '0000-00-00 00:00:00', '0000-00-00 00:00:00'),
(157, 3, 'KENNEDY', '0000-00-00 00:00:00', '0000-00-00 00:00:00'),
(158, 3, 'FONTIBON', '0000-00-00 00:00:00', '0000-00-00 00:00:00'),
(159, 3, 'ENGATIVA', '0000-00-00 00:00:00', '0000-00-00 00:00:00'),
(160, 3, 'SUBA', '0000-00-00 00:00:00', '0000-00-00 00:00:00'),
(161, 3, 'BARRIOS UNIDOS', '0000-00-00 00:00:00', '0000-00-00 00:00:00'),
(162, 3, 'TEUSAQUILLO', '0000-00-00 00:00:00', '0000-00-00 00:00:00'),
(163, 3, 'MARTIRES', '0000-00-00 00:00:00', '0000-00-00 00:00:00'),
(164, 3, 'ANTONIO NARIÑO', '0000-00-00 00:00:00', '0000-00-00 00:00:00'),
(165, 3, 'PUENTE ARANDA', '0000-00-00 00:00:00', '0000-00-00 00:00:00'),
(166, 3, 'CANDELARIA', '0000-00-00 00:00:00', '0000-00-00 00:00:00'),
(167, 3, 'RAFAEL URIBE', '0000-00-00 00:00:00', '0000-00-00 00:00:00'),
(168, 3, 'CIUDAD BOLIVAR', '0000-00-00 00:00:00', '0000-00-00 00:00:00'),
(169, 3, 'SUMAPAZ', '0000-00-00 00:00:00', '0000-00-00 00:00:00'),
(170, 4, 'CARTAGENA', '0000-00-00 00:00:00', '0000-00-00 00:00:00'),
(171, 4, 'ACHI', '0000-00-00 00:00:00', '0000-00-00 00:00:00'),
(172, 4, 'ALTOS DEL ROSARIO', '0000-00-00 00:00:00', '0000-00-00 00:00:00'),
(173, 4, 'ARENAL', '0000-00-00 00:00:00', '0000-00-00 00:00:00'),
(174, 4, 'ARJONA', '0000-00-00 00:00:00', '0000-00-00 00:00:00'),
(175, 4, 'ARROYOHONDO', '0000-00-00 00:00:00', '0000-00-00 00:00:00'),
(176, 4, 'BARRANCO DE LOBA', '0000-00-00 00:00:00', '0000-00-00 00:00:00'),
(177, 4, 'CALAMAR', '0000-00-00 00:00:00', '0000-00-00 00:00:00'),
(178, 4, 'CANTAGALLO', '0000-00-00 00:00:00', '0000-00-00 00:00:00'),
(179, 4, 'CICUCO', '0000-00-00 00:00:00', '0000-00-00 00:00:00'),
(180, 4, 'CORDOBA', '0000-00-00 00:00:00', '0000-00-00 00:00:00'),
(181, 4, 'CLEMENCIA', '0000-00-00 00:00:00', '0000-00-00 00:00:00'),
(182, 4, 'EL CARMEN DE BOLIVAR', '0000-00-00 00:00:00', '0000-00-00 00:00:00'),
(183, 4, 'EL GUAMO', '0000-00-00 00:00:00', '0000-00-00 00:00:00'),
(184, 4, 'EL PEÑON', '0000-00-00 00:00:00', '0000-00-00 00:00:00'),
(185, 4, 'HATILLO DE LOBA', '0000-00-00 00:00:00', '0000-00-00 00:00:00'),
(186, 4, 'MAGANGUE', '0000-00-00 00:00:00', '0000-00-00 00:00:00'),
(187, 4, 'MAHATES', '0000-00-00 00:00:00', '0000-00-00 00:00:00'),
(188, 4, 'MARGARITA', '0000-00-00 00:00:00', '0000-00-00 00:00:00'),
(189, 4, 'MARIA LA BAJA', '0000-00-00 00:00:00', '0000-00-00 00:00:00'),
(190, 4, 'MONTECRISTO', '0000-00-00 00:00:00', '0000-00-00 00:00:00'),
(191, 4, 'MOMPOS', '0000-00-00 00:00:00', '0000-00-00 00:00:00'),
(192, 4, 'MORALES', '0000-00-00 00:00:00', '0000-00-00 00:00:00'),
(193, 4, 'PINILLOS', '0000-00-00 00:00:00', '0000-00-00 00:00:00'),
(194, 4, 'REGIDOR', '0000-00-00 00:00:00', '0000-00-00 00:00:00'),
(195, 4, 'RIO VIEJO', '0000-00-00 00:00:00', '0000-00-00 00:00:00'),
(196, 4, 'SAN CRISTOBAL', '0000-00-00 00:00:00', '0000-00-00 00:00:00'),
(197, 4, 'SAN ESTANISLAO', '0000-00-00 00:00:00', '0000-00-00 00:00:00'),
(198, 4, 'SAN FERNANDO', '0000-00-00 00:00:00', '0000-00-00 00:00:00'),
(199, 4, 'SAN JACINTO', '0000-00-00 00:00:00', '0000-00-00 00:00:00'),
(200, 4, 'SAN JACINTO DEL CAUCA', '0000-00-00 00:00:00', '0000-00-00 00:00:00'),
(201, 4, 'SAN JUAN NEPOMUCENO', '0000-00-00 00:00:00', '0000-00-00 00:00:00'),
(202, 4, 'SAN MARTIN DE LOBA', '0000-00-00 00:00:00', '0000-00-00 00:00:00'),
(203, 4, 'SAN PABLO', '0000-00-00 00:00:00', '0000-00-00 00:00:00'),
(204, 4, 'SANTA CATALINA', '0000-00-00 00:00:00', '0000-00-00 00:00:00'),
(205, 4, 'SANTA ROSA', '0000-00-00 00:00:00', '0000-00-00 00:00:00'),
(206, 4, 'SANTA ROSA DEL SUR', '0000-00-00 00:00:00', '0000-00-00 00:00:00'),
(207, 4, 'SIMITI', '0000-00-00 00:00:00', '0000-00-00 00:00:00'),
(208, 4, 'SOPLAVIENTO', '0000-00-00 00:00:00', '0000-00-00 00:00:00'),
(209, 4, 'TALAIGUA NUEVO', '0000-00-00 00:00:00', '0000-00-00 00:00:00'),
(210, 4, 'TIQUISIO (PUERTO RICO)', '0000-00-00 00:00:00', '0000-00-00 00:00:00'),
(211, 4, 'TURBACO', '0000-00-00 00:00:00', '0000-00-00 00:00:00'),
(212, 4, 'TURBANA', '0000-00-00 00:00:00', '0000-00-00 00:00:00'),
(213, 4, 'VILLANUEVA', '0000-00-00 00:00:00', '0000-00-00 00:00:00'),
(214, 4, 'ZAMBRANO', '0000-00-00 00:00:00', '0000-00-00 00:00:00'),
(215, 5, 'TUNJA', '0000-00-00 00:00:00', '0000-00-00 00:00:00'),
(216, 5, 'ALMEIDA', '0000-00-00 00:00:00', '0000-00-00 00:00:00'),
(217, 5, 'AQUITANIA', '0000-00-00 00:00:00', '0000-00-00 00:00:00'),
(218, 5, 'ARCABUCO', '0000-00-00 00:00:00', '0000-00-00 00:00:00'),
(219, 5, 'BELEN', '0000-00-00 00:00:00', '0000-00-00 00:00:00'),
(220, 5, 'BERBEO', '0000-00-00 00:00:00', '0000-00-00 00:00:00'),
(221, 5, 'BETEITIVA', '0000-00-00 00:00:00', '0000-00-00 00:00:00'),
(222, 5, 'BOAVITA', '0000-00-00 00:00:00', '0000-00-00 00:00:00'),
(223, 5, 'BOYACA', '0000-00-00 00:00:00', '0000-00-00 00:00:00'),
(224, 5, 'BRICEÑO', '0000-00-00 00:00:00', '0000-00-00 00:00:00'),
(225, 5, 'BUENAVISTA', '0000-00-00 00:00:00', '0000-00-00 00:00:00'),
(226, 5, 'BUSBANZA', '0000-00-00 00:00:00', '0000-00-00 00:00:00'),
(227, 5, 'CALDAS', '0000-00-00 00:00:00', '0000-00-00 00:00:00'),
(228, 5, 'CAMPOHERMOSO', '0000-00-00 00:00:00', '0000-00-00 00:00:00'),
(229, 5, 'CERINZA', '0000-00-00 00:00:00', '0000-00-00 00:00:00'),
(230, 5, 'CHINAVITA', '0000-00-00 00:00:00', '0000-00-00 00:00:00'),
(231, 5, 'CHIQUINQUIRA', '0000-00-00 00:00:00', '0000-00-00 00:00:00'),
(232, 5, 'CHISCAS', '0000-00-00 00:00:00', '0000-00-00 00:00:00'),
(233, 5, 'CHITA', '0000-00-00 00:00:00', '0000-00-00 00:00:00'),
(234, 5, 'CHITARAQUE', '0000-00-00 00:00:00', '0000-00-00 00:00:00'),
(235, 5, 'CHIVATA', '0000-00-00 00:00:00', '0000-00-00 00:00:00'),
(236, 5, 'CIENEGA', '0000-00-00 00:00:00', '0000-00-00 00:00:00'),
(237, 5, 'COMBITA', '0000-00-00 00:00:00', '0000-00-00 00:00:00'),
(238, 5, 'COPER', '0000-00-00 00:00:00', '0000-00-00 00:00:00'),
(239, 5, 'CORRALES', '0000-00-00 00:00:00', '0000-00-00 00:00:00'),
(240, 5, 'COVARACHIA', '0000-00-00 00:00:00', '0000-00-00 00:00:00'),
(241, 5, 'CUBARA', '0000-00-00 00:00:00', '0000-00-00 00:00:00'),
(242, 5, 'CUCAITA', '0000-00-00 00:00:00', '0000-00-00 00:00:00'),
(243, 5, 'CUITIVA', '0000-00-00 00:00:00', '0000-00-00 00:00:00'),
(244, 5, 'CHIQUIZA', '0000-00-00 00:00:00', '0000-00-00 00:00:00'),
(245, 5, 'CHIVOR', '0000-00-00 00:00:00', '0000-00-00 00:00:00'),
(246, 5, 'DUITAMA', '0000-00-00 00:00:00', '0000-00-00 00:00:00'),
(247, 5, 'EL COCUY', '0000-00-00 00:00:00', '0000-00-00 00:00:00'),
(248, 5, 'EL ESPINO', '0000-00-00 00:00:00', '0000-00-00 00:00:00'),
(249, 5, 'FIRAVITOBA', '0000-00-00 00:00:00', '0000-00-00 00:00:00'),
(250, 5, 'FLORESTA', '0000-00-00 00:00:00', '0000-00-00 00:00:00'),
(251, 5, 'GACHANTIVA', '0000-00-00 00:00:00', '0000-00-00 00:00:00'),
(252, 5, 'GAMEZA', '0000-00-00 00:00:00', '0000-00-00 00:00:00'),
(253, 5, 'GARAGOA', '0000-00-00 00:00:00', '0000-00-00 00:00:00'),
(254, 5, 'GUACAMAYAS', '0000-00-00 00:00:00', '0000-00-00 00:00:00'),
(255, 5, 'GUATEQUE', '0000-00-00 00:00:00', '0000-00-00 00:00:00'),
(256, 5, 'GUAYATA', '0000-00-00 00:00:00', '0000-00-00 00:00:00'),
(257, 5, 'GUICAN', '0000-00-00 00:00:00', '0000-00-00 00:00:00'),
(258, 5, 'IZA', '0000-00-00 00:00:00', '0000-00-00 00:00:00'),
(259, 5, 'JENESANO', '0000-00-00 00:00:00', '0000-00-00 00:00:00'),
(260, 5, 'JERICO', '0000-00-00 00:00:00', '0000-00-00 00:00:00'),
(261, 5, 'LABRANZAGRANDE', '0000-00-00 00:00:00', '0000-00-00 00:00:00'),
(262, 5, 'LA CAPILLA', '0000-00-00 00:00:00', '0000-00-00 00:00:00'),
(263, 5, 'LA VICTORIA', '0000-00-00 00:00:00', '0000-00-00 00:00:00'),
(264, 5, 'LA UVITA', '0000-00-00 00:00:00', '0000-00-00 00:00:00'),
(265, 5, 'VILLA DE LEIVA', '0000-00-00 00:00:00', '0000-00-00 00:00:00'),
(266, 5, 'MACANAL', '0000-00-00 00:00:00', '0000-00-00 00:00:00'),
(267, 5, 'MARIPI', '0000-00-00 00:00:00', '0000-00-00 00:00:00'),
(268, 5, 'MIRAFLORES', '0000-00-00 00:00:00', '0000-00-00 00:00:00'),
(269, 5, 'MONGUA', '0000-00-00 00:00:00', '0000-00-00 00:00:00'),
(270, 5, 'MONGUI', '0000-00-00 00:00:00', '0000-00-00 00:00:00'),
(271, 5, 'MONIQUIRA', '0000-00-00 00:00:00', '0000-00-00 00:00:00'),
(272, 5, 'MOTAVITA', '0000-00-00 00:00:00', '0000-00-00 00:00:00'),
(273, 5, 'MUZO', '0000-00-00 00:00:00', '0000-00-00 00:00:00'),
(274, 5, 'NOBSA', '0000-00-00 00:00:00', '0000-00-00 00:00:00'),
(275, 5, 'NUEVO COLON', '0000-00-00 00:00:00', '0000-00-00 00:00:00'),
(276, 5, 'OICATA', '0000-00-00 00:00:00', '0000-00-00 00:00:00'),
(277, 5, 'OTANCHE', '0000-00-00 00:00:00', '0000-00-00 00:00:00'),
(278, 5, 'PACHAVITA', '0000-00-00 00:00:00', '0000-00-00 00:00:00'),
(279, 5, 'PAEZ', '0000-00-00 00:00:00', '0000-00-00 00:00:00'),
(280, 5, 'PAIPA', '0000-00-00 00:00:00', '0000-00-00 00:00:00'),
(281, 5, 'PAJARITO', '0000-00-00 00:00:00', '0000-00-00 00:00:00'),
(282, 5, 'PANQUEBA', '0000-00-00 00:00:00', '0000-00-00 00:00:00'),
(283, 5, 'PAUNA', '0000-00-00 00:00:00', '0000-00-00 00:00:00'),
(284, 5, 'PAYA', '0000-00-00 00:00:00', '0000-00-00 00:00:00'),
(285, 5, 'PAZ DEL RIO', '0000-00-00 00:00:00', '0000-00-00 00:00:00'),
(286, 5, 'PESCA', '0000-00-00 00:00:00', '0000-00-00 00:00:00'),
(287, 5, 'PISBA', '0000-00-00 00:00:00', '0000-00-00 00:00:00'),
(288, 5, 'PUERTO BOYACA', '0000-00-00 00:00:00', '0000-00-00 00:00:00'),
(289, 5, 'QUIPAMA', '0000-00-00 00:00:00', '0000-00-00 00:00:00'),
(290, 5, 'RAMIRIQUI', '0000-00-00 00:00:00', '0000-00-00 00:00:00'),
(291, 5, 'RAQUIRA', '0000-00-00 00:00:00', '0000-00-00 00:00:00'),
(292, 5, 'RONDON', '0000-00-00 00:00:00', '0000-00-00 00:00:00'),
(293, 5, 'SABOYA', '0000-00-00 00:00:00', '0000-00-00 00:00:00'),
(294, 5, 'SACHICA', '0000-00-00 00:00:00', '0000-00-00 00:00:00'),
(295, 5, 'SAMACA', '0000-00-00 00:00:00', '0000-00-00 00:00:00'),
(296, 5, 'SAN EDUARDO', '0000-00-00 00:00:00', '0000-00-00 00:00:00'),
(297, 5, 'SAN JOSE DE PARE', '0000-00-00 00:00:00', '0000-00-00 00:00:00'),
(298, 5, 'SAN LUIS DE GACENO', '0000-00-00 00:00:00', '0000-00-00 00:00:00'),
(299, 5, 'SAN MATEO', '0000-00-00 00:00:00', '0000-00-00 00:00:00'),
(300, 5, 'SAN MIGUEL DE SEMA', '0000-00-00 00:00:00', '0000-00-00 00:00:00'),
(301, 5, 'SAN PABLO DE BORBUR', '0000-00-00 00:00:00', '0000-00-00 00:00:00'),
(302, 5, 'SANTANA', '0000-00-00 00:00:00', '0000-00-00 00:00:00'),
(303, 5, 'SANTA MARIA', '0000-00-00 00:00:00', '0000-00-00 00:00:00'),
(304, 5, 'SANTA ROSA DE VITERBO', '0000-00-00 00:00:00', '0000-00-00 00:00:00'),
(305, 5, 'SANTA SOFIA', '0000-00-00 00:00:00', '0000-00-00 00:00:00'),
(306, 5, 'SATIVANORTE', '0000-00-00 00:00:00', '0000-00-00 00:00:00'),
(307, 5, 'SATIVASUR', '0000-00-00 00:00:00', '0000-00-00 00:00:00'),
(308, 5, 'SIACHOQUE', '0000-00-00 00:00:00', '0000-00-00 00:00:00'),
(309, 5, 'SOATA', '0000-00-00 00:00:00', '0000-00-00 00:00:00'),
(310, 5, 'SOCOTA', '0000-00-00 00:00:00', '0000-00-00 00:00:00'),
(311, 5, 'SOCHA', '0000-00-00 00:00:00', '0000-00-00 00:00:00'),
(312, 5, 'SOGAMOSO', '0000-00-00 00:00:00', '0000-00-00 00:00:00'),
(313, 5, 'SOMONDOCO', '0000-00-00 00:00:00', '0000-00-00 00:00:00'),
(314, 5, 'SORA', '0000-00-00 00:00:00', '0000-00-00 00:00:00'),
(315, 5, 'SOTAQUIRA', '0000-00-00 00:00:00', '0000-00-00 00:00:00'),
(316, 5, 'SORACA', '0000-00-00 00:00:00', '0000-00-00 00:00:00'),
(317, 5, 'SUSACON', '0000-00-00 00:00:00', '0000-00-00 00:00:00'),
(318, 5, 'SUTAMARCHAN', '0000-00-00 00:00:00', '0000-00-00 00:00:00'),
(319, 5, 'SUTATENZA', '0000-00-00 00:00:00', '0000-00-00 00:00:00'),
(320, 5, 'TASCO', '0000-00-00 00:00:00', '0000-00-00 00:00:00'),
(321, 5, 'TENZA', '0000-00-00 00:00:00', '0000-00-00 00:00:00'),
(322, 5, 'TIBANA', '0000-00-00 00:00:00', '0000-00-00 00:00:00'),
(323, 5, 'TIBASOSA', '0000-00-00 00:00:00', '0000-00-00 00:00:00'),
(324, 5, 'TINJACA', '0000-00-00 00:00:00', '0000-00-00 00:00:00'),
(325, 5, 'TIPACOQUE', '0000-00-00 00:00:00', '0000-00-00 00:00:00'),
(326, 5, 'TOCA', '0000-00-00 00:00:00', '0000-00-00 00:00:00'),
(327, 5, 'TOGUI', '0000-00-00 00:00:00', '0000-00-00 00:00:00'),
(328, 5, 'TOPAGA', '0000-00-00 00:00:00', '0000-00-00 00:00:00'),
(329, 5, 'TOTA', '0000-00-00 00:00:00', '0000-00-00 00:00:00'),
(330, 5, 'TUNUNGUA', '0000-00-00 00:00:00', '0000-00-00 00:00:00'),
(331, 5, 'TURMEQUE', '0000-00-00 00:00:00', '0000-00-00 00:00:00'),
(332, 5, 'TUTA', '0000-00-00 00:00:00', '0000-00-00 00:00:00'),
(333, 5, 'TUTASA', '0000-00-00 00:00:00', '0000-00-00 00:00:00'),
(334, 5, 'UMBITA', '0000-00-00 00:00:00', '0000-00-00 00:00:00'),
(335, 5, 'VENTAQUEMADA', '0000-00-00 00:00:00', '0000-00-00 00:00:00'),
(336, 5, 'VIRACACHA', '0000-00-00 00:00:00', '0000-00-00 00:00:00'),
(337, 5, 'ZETAQUIRA', '0000-00-00 00:00:00', '0000-00-00 00:00:00'),
(338, 6, 'MANIZALES', '0000-00-00 00:00:00', '0000-00-00 00:00:00'),
(339, 6, 'AGUADAS', '0000-00-00 00:00:00', '0000-00-00 00:00:00'),
(340, 6, 'ANSERMA', '0000-00-00 00:00:00', '0000-00-00 00:00:00'),
(341, 6, 'ARANZAZU', '0000-00-00 00:00:00', '0000-00-00 00:00:00'),
(342, 6, 'BELALCAZAR', '0000-00-00 00:00:00', '0000-00-00 00:00:00'),
(343, 6, 'CHINCHINA', '0000-00-00 00:00:00', '0000-00-00 00:00:00'),
(344, 6, 'FILADELFIA', '0000-00-00 00:00:00', '0000-00-00 00:00:00'),
(345, 6, 'LA DORADA', '0000-00-00 00:00:00', '0000-00-00 00:00:00'),
(346, 6, 'LA MERCED', '0000-00-00 00:00:00', '0000-00-00 00:00:00'),
(347, 6, 'MANZANARES', '0000-00-00 00:00:00', '0000-00-00 00:00:00'),
(348, 6, 'MARMATO', '0000-00-00 00:00:00', '0000-00-00 00:00:00'),
(349, 6, 'MARQUETALIA', '0000-00-00 00:00:00', '0000-00-00 00:00:00'),
(350, 6, 'MARULANDA', '0000-00-00 00:00:00', '0000-00-00 00:00:00'),
(351, 6, 'NEIRA', '0000-00-00 00:00:00', '0000-00-00 00:00:00'),
(352, 6, 'NORCASIA', '0000-00-00 00:00:00', '0000-00-00 00:00:00'),
(353, 6, 'PACORA', '0000-00-00 00:00:00', '0000-00-00 00:00:00'),
(354, 6, 'PALESTINA', '0000-00-00 00:00:00', '0000-00-00 00:00:00'),
(355, 6, 'PENSILVANIA', '0000-00-00 00:00:00', '0000-00-00 00:00:00'),
(356, 6, 'RIOSUCIO', '0000-00-00 00:00:00', '0000-00-00 00:00:00'),
(357, 6, 'RISARALDA', '0000-00-00 00:00:00', '0000-00-00 00:00:00'),
(358, 6, 'SALAMINA', '0000-00-00 00:00:00', '0000-00-00 00:00:00'),
(359, 6, 'SAMANA', '0000-00-00 00:00:00', '0000-00-00 00:00:00'),
(360, 6, 'SAN JOSE', '0000-00-00 00:00:00', '0000-00-00 00:00:00'),
(361, 6, 'SUPIA', '0000-00-00 00:00:00', '0000-00-00 00:00:00'),
(362, 6, 'VICTORIA', '0000-00-00 00:00:00', '0000-00-00 00:00:00'),
(363, 6, 'VILLAMARIA', '0000-00-00 00:00:00', '0000-00-00 00:00:00'),
(364, 6, 'VITERBO', '0000-00-00 00:00:00', '0000-00-00 00:00:00'),
(365, 7, 'FLORENCIA', '0000-00-00 00:00:00', '0000-00-00 00:00:00'),
(366, 7, 'ALBANIA', '0000-00-00 00:00:00', '0000-00-00 00:00:00'),
(367, 7, 'BELEN DE LOS ANDAQUIES', '0000-00-00 00:00:00', '0000-00-00 00:00:00'),
(368, 7, 'CARTAGENA DEL CHAIRA', '0000-00-00 00:00:00', '0000-00-00 00:00:00'),
(369, 7, 'CURILLO', '0000-00-00 00:00:00', '0000-00-00 00:00:00'),
(370, 7, 'EL DONCELLO', '0000-00-00 00:00:00', '0000-00-00 00:00:00'),
(371, 7, 'EL PAUJIL', '0000-00-00 00:00:00', '0000-00-00 00:00:00'),
(372, 7, 'LA MONTAÑITA', '0000-00-00 00:00:00', '0000-00-00 00:00:00'),
(373, 7, 'MILAN', '0000-00-00 00:00:00', '0000-00-00 00:00:00'),
(374, 7, 'MORELIA', '0000-00-00 00:00:00', '0000-00-00 00:00:00'),
(375, 7, 'PUERTO RICO', '0000-00-00 00:00:00', '0000-00-00 00:00:00'),
(376, 7, 'SAN JOSE DE FRAGUA', '0000-00-00 00:00:00', '0000-00-00 00:00:00'),
(377, 7, 'SAN VICENTE DEL CAGUAN', '0000-00-00 00:00:00', '0000-00-00 00:00:00'),
(378, 7, 'SOLANO', '0000-00-00 00:00:00', '0000-00-00 00:00:00'),
(379, 7, 'SOLITA', '0000-00-00 00:00:00', '0000-00-00 00:00:00'),
(380, 7, 'VALPARAISO', '0000-00-00 00:00:00', '0000-00-00 00:00:00'),
(381, 8, 'POPAYAN', '0000-00-00 00:00:00', '0000-00-00 00:00:00'),
(382, 8, 'ALMAGUER', '0000-00-00 00:00:00', '0000-00-00 00:00:00'),
(383, 8, 'ARGELIA', '0000-00-00 00:00:00', '0000-00-00 00:00:00'),
(384, 8, 'BALBOA', '0000-00-00 00:00:00', '0000-00-00 00:00:00'),
(385, 8, 'BOLIVAR', '0000-00-00 00:00:00', '0000-00-00 00:00:00'),
(386, 8, 'BUENOS AIRES', '0000-00-00 00:00:00', '0000-00-00 00:00:00'),
(387, 8, 'CAJIBIO', '0000-00-00 00:00:00', '0000-00-00 00:00:00'),
(388, 8, 'CALDONO', '0000-00-00 00:00:00', '0000-00-00 00:00:00'),
(389, 8, 'CALOTO', '0000-00-00 00:00:00', '0000-00-00 00:00:00'),
(390, 8, 'CORINTO', '0000-00-00 00:00:00', '0000-00-00 00:00:00'),
(391, 8, 'EL TAMBO', '0000-00-00 00:00:00', '0000-00-00 00:00:00'),
(392, 8, 'FLORENCIA', '0000-00-00 00:00:00', '0000-00-00 00:00:00'),
(393, 8, 'GUAPI', '0000-00-00 00:00:00', '0000-00-00 00:00:00'),
(394, 8, 'INZA', '0000-00-00 00:00:00', '0000-00-00 00:00:00'),
(395, 8, 'JAMBALO', '0000-00-00 00:00:00', '0000-00-00 00:00:00'),
(396, 8, 'LA SIERRA', '0000-00-00 00:00:00', '0000-00-00 00:00:00'),
(397, 8, 'LA VEGA', '0000-00-00 00:00:00', '0000-00-00 00:00:00'),
(398, 8, 'LOPEZ', '0000-00-00 00:00:00', '0000-00-00 00:00:00'),
(399, 8, 'MERCADERES', '0000-00-00 00:00:00', '0000-00-00 00:00:00'),
(400, 8, 'MIRANDA', '0000-00-00 00:00:00', '0000-00-00 00:00:00'),
(401, 8, 'MORALES', '0000-00-00 00:00:00', '0000-00-00 00:00:00'),
(402, 8, 'PADILLA', '0000-00-00 00:00:00', '0000-00-00 00:00:00'),
(403, 8, 'PAEZ', '0000-00-00 00:00:00', '0000-00-00 00:00:00'),
(404, 8, 'PATIA', '0000-00-00 00:00:00', '0000-00-00 00:00:00'),
(405, 8, 'PIAMONTE', '0000-00-00 00:00:00', '0000-00-00 00:00:00'),
(406, 8, 'PIENDAMO', '0000-00-00 00:00:00', '0000-00-00 00:00:00'),
(407, 8, 'PUERTO TEJADA', '0000-00-00 00:00:00', '0000-00-00 00:00:00'),
(408, 8, 'PURACE (COCONUCO)', '0000-00-00 00:00:00', '0000-00-00 00:00:00'),
(409, 8, 'ROSAS', '0000-00-00 00:00:00', '0000-00-00 00:00:00'),
(410, 8, 'SAN SEBASTIAN', '0000-00-00 00:00:00', '0000-00-00 00:00:00'),
(411, 8, 'SANTANDER DE QUILICHAO', '0000-00-00 00:00:00', '0000-00-00 00:00:00'),
(412, 8, 'SANTA ROSA', '0000-00-00 00:00:00', '0000-00-00 00:00:00'),
(413, 8, 'SILVIA', '0000-00-00 00:00:00', '0000-00-00 00:00:00'),
(414, 8, 'SOTARA', '0000-00-00 00:00:00', '0000-00-00 00:00:00'),
(415, 8, 'SUAREZ', '0000-00-00 00:00:00', '0000-00-00 00:00:00'),
(416, 8, 'TIMBIO', '0000-00-00 00:00:00', '0000-00-00 00:00:00'),
(417, 8, 'TIMBIQUI', '0000-00-00 00:00:00', '0000-00-00 00:00:00'),
(418, 8, 'TORIBIO', '0000-00-00 00:00:00', '0000-00-00 00:00:00'),
(419, 8, 'TOTORO', '0000-00-00 00:00:00', '0000-00-00 00:00:00'),
(420, 8, 'VILLARICA', '0000-00-00 00:00:00', '0000-00-00 00:00:00'),
(421, 9, 'VALLEDUPAR', '0000-00-00 00:00:00', '0000-00-00 00:00:00'),
(422, 9, 'AGUACHICA', '0000-00-00 00:00:00', '0000-00-00 00:00:00'),
(423, 9, 'AGUSTIN CODAZZI', '0000-00-00 00:00:00', '0000-00-00 00:00:00'),
(424, 9, 'ASTREA', '0000-00-00 00:00:00', '0000-00-00 00:00:00'),
(425, 9, 'BECERRIL', '0000-00-00 00:00:00', '0000-00-00 00:00:00'),
(426, 9, 'BOSCONIA', '0000-00-00 00:00:00', '0000-00-00 00:00:00'),
(427, 9, 'CHIMICHAGUA', '0000-00-00 00:00:00', '0000-00-00 00:00:00'),
(428, 9, 'CHIRIGUANA', '0000-00-00 00:00:00', '0000-00-00 00:00:00'),
(429, 9, 'CURUMANI', '0000-00-00 00:00:00', '0000-00-00 00:00:00'),
(430, 9, 'EL COPEY', '0000-00-00 00:00:00', '0000-00-00 00:00:00'),
(431, 9, 'EL PASO', '0000-00-00 00:00:00', '0000-00-00 00:00:00'),
(432, 9, 'GAMARRA', '0000-00-00 00:00:00', '0000-00-00 00:00:00'),
(433, 9, 'GONZALEZ', '0000-00-00 00:00:00', '0000-00-00 00:00:00'),
(434, 9, 'LA GLORIA', '0000-00-00 00:00:00', '0000-00-00 00:00:00'),
(435, 9, 'LA JAGUA IBIRICO', '0000-00-00 00:00:00', '0000-00-00 00:00:00'),
(436, 9, 'MANAURE', '0000-00-00 00:00:00', '0000-00-00 00:00:00'),
(437, 9, 'PAILITAS', '0000-00-00 00:00:00', '0000-00-00 00:00:00'),
(438, 9, 'PELAYA', '0000-00-00 00:00:00', '0000-00-00 00:00:00'),
(439, 9, 'PUEBLO BELLO', '0000-00-00 00:00:00', '0000-00-00 00:00:00'),
(440, 9, 'RIO DE ORO', '0000-00-00 00:00:00', '0000-00-00 00:00:00'),
(441, 9, 'LA PAZ (ROBLES)', '0000-00-00 00:00:00', '0000-00-00 00:00:00'),
(442, 9, 'SAN ALBERTO', '0000-00-00 00:00:00', '0000-00-00 00:00:00'),
(443, 9, 'SAN DIEGO', '0000-00-00 00:00:00', '0000-00-00 00:00:00'),
(444, 9, 'SAN MARTIN', '0000-00-00 00:00:00', '0000-00-00 00:00:00'),
(445, 9, 'TAMALAMEQUE', '0000-00-00 00:00:00', '0000-00-00 00:00:00'),
(446, 10, 'MONTERIA', '0000-00-00 00:00:00', '0000-00-00 00:00:00'),
(447, 10, 'AYAPEL', '0000-00-00 00:00:00', '0000-00-00 00:00:00'),
(448, 10, 'BUENAVISTA', '0000-00-00 00:00:00', '0000-00-00 00:00:00'),
(449, 10, 'CANALETE', '0000-00-00 00:00:00', '0000-00-00 00:00:00'),
(450, 10, 'CERETE', '0000-00-00 00:00:00', '0000-00-00 00:00:00'),
(451, 10, 'CHIMA', '0000-00-00 00:00:00', '0000-00-00 00:00:00'),
(452, 10, 'CHINU', '0000-00-00 00:00:00', '0000-00-00 00:00:00'),
(453, 10, 'CIENAGA DE ORO', '0000-00-00 00:00:00', '0000-00-00 00:00:00'),
(454, 10, 'COTORRA', '0000-00-00 00:00:00', '0000-00-00 00:00:00'),
(455, 10, 'LA APARTADA', '0000-00-00 00:00:00', '0000-00-00 00:00:00'),
(456, 10, 'LORICA', '0000-00-00 00:00:00', '0000-00-00 00:00:00'),
(457, 10, 'LOS CORDOBAS', '0000-00-00 00:00:00', '0000-00-00 00:00:00'),
(458, 10, 'MOMIL', '0000-00-00 00:00:00', '0000-00-00 00:00:00'),
(459, 10, 'MONTELIBANO', '0000-00-00 00:00:00', '0000-00-00 00:00:00'),
(460, 10, 'MOÑITOS', '0000-00-00 00:00:00', '0000-00-00 00:00:00'),
(461, 10, 'PLANETA RICA', '0000-00-00 00:00:00', '0000-00-00 00:00:00'),
(462, 10, 'PUEBLO NUEVO', '0000-00-00 00:00:00', '0000-00-00 00:00:00'),
(463, 10, 'PUERTO ESCONDIDO', '0000-00-00 00:00:00', '0000-00-00 00:00:00'),
(464, 10, 'PUERTO LIBERTADOR', '0000-00-00 00:00:00', '0000-00-00 00:00:00'),
(465, 10, 'PURISIMA', '0000-00-00 00:00:00', '0000-00-00 00:00:00'),
(466, 10, 'SAHAGUN', '0000-00-00 00:00:00', '0000-00-00 00:00:00'),
(467, 10, 'SAN ANDRES SOTAVENTO', '0000-00-00 00:00:00', '0000-00-00 00:00:00'),
(468, 10, 'SAN ANTERO', '0000-00-00 00:00:00', '0000-00-00 00:00:00'),
(469, 10, 'SAN BERNARDO DEL VIENTO', '0000-00-00 00:00:00', '0000-00-00 00:00:00'),
(470, 10, 'SAN CARLOS', '0000-00-00 00:00:00', '0000-00-00 00:00:00'),
(471, 10, 'SAN PELAYO', '0000-00-00 00:00:00', '0000-00-00 00:00:00'),
(472, 10, 'TIERRALTA', '0000-00-00 00:00:00', '0000-00-00 00:00:00'),
(473, 10, 'VALENCIA', '0000-00-00 00:00:00', '0000-00-00 00:00:00'),
(474, 11, 'AGUA DE DIOS', '0000-00-00 00:00:00', '0000-00-00 00:00:00'),
(475, 11, 'ALBAN', '0000-00-00 00:00:00', '0000-00-00 00:00:00'),
(476, 11, 'ANAPOIMA', '0000-00-00 00:00:00', '0000-00-00 00:00:00'),
(477, 11, 'ANOLAIMA', '0000-00-00 00:00:00', '0000-00-00 00:00:00'),
(478, 11, 'ARBELAEZ', '0000-00-00 00:00:00', '0000-00-00 00:00:00'),
(479, 11, 'BELTRAN', '0000-00-00 00:00:00', '0000-00-00 00:00:00'),
(480, 11, 'BITUIMA', '0000-00-00 00:00:00', '0000-00-00 00:00:00'),
(481, 11, 'BOJACA', '0000-00-00 00:00:00', '0000-00-00 00:00:00'),
(482, 11, 'CABRERA', '0000-00-00 00:00:00', '0000-00-00 00:00:00'),
(483, 11, 'CACHIPAY', '0000-00-00 00:00:00', '0000-00-00 00:00:00'),
(484, 11, 'CAJICA', '0000-00-00 00:00:00', '0000-00-00 00:00:00'),
(485, 11, 'CAPARRAPI', '0000-00-00 00:00:00', '0000-00-00 00:00:00'),
(486, 11, 'CAQUEZA', '0000-00-00 00:00:00', '0000-00-00 00:00:00'),
(487, 11, 'CARMEN DE CARUPA', '0000-00-00 00:00:00', '0000-00-00 00:00:00'),
(488, 11, 'CHAGUANI', '0000-00-00 00:00:00', '0000-00-00 00:00:00'),
(489, 11, 'CHIA', '0000-00-00 00:00:00', '0000-00-00 00:00:00'),
(490, 11, 'CHIPAQUE', '0000-00-00 00:00:00', '0000-00-00 00:00:00'),
(491, 11, 'CHOACHI', '0000-00-00 00:00:00', '0000-00-00 00:00:00'),
(492, 11, 'CHOCONTA', '0000-00-00 00:00:00', '0000-00-00 00:00:00'),
(493, 11, 'COGUA', '0000-00-00 00:00:00', '0000-00-00 00:00:00'),
(494, 11, 'COTA', '0000-00-00 00:00:00', '0000-00-00 00:00:00'),
(495, 11, 'CUCUNUBA', '0000-00-00 00:00:00', '0000-00-00 00:00:00'),
(496, 11, 'EL COLEGIO', '0000-00-00 00:00:00', '0000-00-00 00:00:00'),
(497, 11, 'EL PEÑON', '0000-00-00 00:00:00', '0000-00-00 00:00:00'),
(498, 11, 'EL ROSAL', '0000-00-00 00:00:00', '0000-00-00 00:00:00'),
(499, 11, 'FACATATIVA', '0000-00-00 00:00:00', '0000-00-00 00:00:00'),
(500, 11, 'FOMEQUE', '0000-00-00 00:00:00', '0000-00-00 00:00:00'),
(501, 11, 'FOSCA', '0000-00-00 00:00:00', '0000-00-00 00:00:00'),
(502, 11, 'FUNZA', '0000-00-00 00:00:00', '0000-00-00 00:00:00'),
(503, 11, 'FUQUENE', '0000-00-00 00:00:00', '0000-00-00 00:00:00'),
(504, 11, 'FUSAGASUGA', '0000-00-00 00:00:00', '0000-00-00 00:00:00'),
(505, 11, 'GACHALA', '0000-00-00 00:00:00', '0000-00-00 00:00:00'),
(506, 11, 'GACHANCIPA', '0000-00-00 00:00:00', '0000-00-00 00:00:00'),
(507, 11, 'GACHETA', '0000-00-00 00:00:00', '0000-00-00 00:00:00'),
(508, 11, 'GAMA', '0000-00-00 00:00:00', '0000-00-00 00:00:00'),
(509, 11, 'GIRARDOT', '0000-00-00 00:00:00', '0000-00-00 00:00:00'),
(510, 11, 'GRANADA', '0000-00-00 00:00:00', '0000-00-00 00:00:00'),
(511, 11, 'GUACHETA', '0000-00-00 00:00:00', '0000-00-00 00:00:00'),
(512, 11, 'GUADUAS', '0000-00-00 00:00:00', '0000-00-00 00:00:00'),
(513, 11, 'GUASCA', '0000-00-00 00:00:00', '0000-00-00 00:00:00'),
(514, 11, 'GUATAQUI', '0000-00-00 00:00:00', '0000-00-00 00:00:00'),
(515, 11, 'GUATAVITA', '0000-00-00 00:00:00', '0000-00-00 00:00:00'),
(516, 11, 'GUAYABAL DE SIQUIMA', '0000-00-00 00:00:00', '0000-00-00 00:00:00'),
(517, 11, 'GUAYABETAL', '0000-00-00 00:00:00', '0000-00-00 00:00:00'),
(518, 11, 'GUTIERREZ', '0000-00-00 00:00:00', '0000-00-00 00:00:00'),
(519, 11, 'JERUSALEN', '0000-00-00 00:00:00', '0000-00-00 00:00:00'),
(520, 11, 'JUNIN', '0000-00-00 00:00:00', '0000-00-00 00:00:00'),
(521, 11, 'LA CALERA', '0000-00-00 00:00:00', '0000-00-00 00:00:00'),
(522, 11, 'LA MESA', '0000-00-00 00:00:00', '0000-00-00 00:00:00'),
(523, 11, 'LA PALMA', '0000-00-00 00:00:00', '0000-00-00 00:00:00'),
(524, 11, 'LA PEÑA', '0000-00-00 00:00:00', '0000-00-00 00:00:00'),
(525, 11, 'LA VEGA', '0000-00-00 00:00:00', '0000-00-00 00:00:00'),
(526, 11, 'LENGUAZAQUE', '0000-00-00 00:00:00', '0000-00-00 00:00:00'),
(527, 11, 'MACHETA', '0000-00-00 00:00:00', '0000-00-00 00:00:00'),
(528, 11, 'MADRID', '0000-00-00 00:00:00', '0000-00-00 00:00:00'),
(529, 11, 'MANTA', '0000-00-00 00:00:00', '0000-00-00 00:00:00'),
(530, 11, 'MEDINA', '0000-00-00 00:00:00', '0000-00-00 00:00:00'),
(531, 11, 'MOSQUERA', '0000-00-00 00:00:00', '0000-00-00 00:00:00'),
(532, 11, 'NARIÑO', '0000-00-00 00:00:00', '0000-00-00 00:00:00'),
(533, 11, 'NEMOCON', '0000-00-00 00:00:00', '0000-00-00 00:00:00'),
(534, 11, 'NILO', '0000-00-00 00:00:00', '0000-00-00 00:00:00'),
(535, 11, 'NIMAIMA', '0000-00-00 00:00:00', '0000-00-00 00:00:00'),
(536, 11, 'NOCAIMA', '0000-00-00 00:00:00', '0000-00-00 00:00:00'),
(537, 11, 'VENECIA', '0000-00-00 00:00:00', '0000-00-00 00:00:00'),
(538, 11, 'PACHO', '0000-00-00 00:00:00', '0000-00-00 00:00:00'),
(539, 11, 'PAIME', '0000-00-00 00:00:00', '0000-00-00 00:00:00'),
(540, 11, 'PANDI', '0000-00-00 00:00:00', '0000-00-00 00:00:00'),
(541, 11, 'PARATEBUENO', '0000-00-00 00:00:00', '0000-00-00 00:00:00'),
(542, 11, 'PASCA', '0000-00-00 00:00:00', '0000-00-00 00:00:00'),
(543, 11, 'PUERTO SALGAR', '0000-00-00 00:00:00', '0000-00-00 00:00:00'),
(544, 11, 'PULI', '0000-00-00 00:00:00', '0000-00-00 00:00:00'),
(545, 11, 'QUEBRADANEGRA', '0000-00-00 00:00:00', '0000-00-00 00:00:00'),
(546, 11, 'QUETAME', '0000-00-00 00:00:00', '0000-00-00 00:00:00'),
(547, 11, 'QUIPILE', '0000-00-00 00:00:00', '0000-00-00 00:00:00'),
(548, 11, 'APULO', '0000-00-00 00:00:00', '0000-00-00 00:00:00'),
(549, 11, 'RICAURTE', '0000-00-00 00:00:00', '0000-00-00 00:00:00'),
(550, 11, 'SAN ANTONIO DEL TEQUENDAMA', '0000-00-00 00:00:00', '0000-00-00 00:00:00'),
(551, 11, 'SAN BERNARDO', '0000-00-00 00:00:00', '0000-00-00 00:00:00'),
(552, 11, 'SAN CAYETANO', '0000-00-00 00:00:00', '0000-00-00 00:00:00'),
(553, 11, 'SAN FRANCISCO', '0000-00-00 00:00:00', '0000-00-00 00:00:00'),
(554, 11, 'SAN JUAN DE RIOSECO', '0000-00-00 00:00:00', '0000-00-00 00:00:00'),
(555, 11, 'SASAIMA', '0000-00-00 00:00:00', '0000-00-00 00:00:00'),
(556, 11, 'SESQUILE', '0000-00-00 00:00:00', '0000-00-00 00:00:00'),
(557, 11, 'SIBATE', '0000-00-00 00:00:00', '0000-00-00 00:00:00'),
(558, 11, 'SILVANIA', '0000-00-00 00:00:00', '0000-00-00 00:00:00'),
(559, 11, 'SIMIJACA', '0000-00-00 00:00:00', '0000-00-00 00:00:00'),
(560, 11, 'SOACHA', '0000-00-00 00:00:00', '0000-00-00 00:00:00'),
(561, 11, 'SOPO', '0000-00-00 00:00:00', '0000-00-00 00:00:00'),
(562, 11, 'SUBACHOQUE', '0000-00-00 00:00:00', '0000-00-00 00:00:00'),
(563, 11, 'SUESCA', '0000-00-00 00:00:00', '0000-00-00 00:00:00'),
(564, 11, 'SUPATA', '0000-00-00 00:00:00', '0000-00-00 00:00:00'),
(565, 11, 'SUSA', '0000-00-00 00:00:00', '0000-00-00 00:00:00'),
(566, 11, 'SUTATAUSA', '0000-00-00 00:00:00', '0000-00-00 00:00:00'),
(567, 11, 'TABIO', '0000-00-00 00:00:00', '0000-00-00 00:00:00'),
(568, 11, 'TAUSA', '0000-00-00 00:00:00', '0000-00-00 00:00:00'),
(569, 11, 'TENA', '0000-00-00 00:00:00', '0000-00-00 00:00:00'),
(570, 11, 'TENJO', '0000-00-00 00:00:00', '0000-00-00 00:00:00'),
(571, 11, 'TIBACUY', '0000-00-00 00:00:00', '0000-00-00 00:00:00'),
(572, 11, 'TIBIRITA', '0000-00-00 00:00:00', '0000-00-00 00:00:00'),
(573, 11, 'TOCAIMA', '0000-00-00 00:00:00', '0000-00-00 00:00:00'),
(574, 11, 'TOCANCIPA', '0000-00-00 00:00:00', '0000-00-00 00:00:00'),
(575, 11, 'TOPAIPI', '0000-00-00 00:00:00', '0000-00-00 00:00:00'),
(576, 11, 'UBALA', '0000-00-00 00:00:00', '0000-00-00 00:00:00'),
(577, 11, 'UBAQUE', '0000-00-00 00:00:00', '0000-00-00 00:00:00'),
(578, 11, 'UBATE', '0000-00-00 00:00:00', '0000-00-00 00:00:00'),
(579, 11, 'UNE', '0000-00-00 00:00:00', '0000-00-00 00:00:00'),
(580, 11, 'UTICA', '0000-00-00 00:00:00', '0000-00-00 00:00:00'),
(581, 11, 'VERGARA', '0000-00-00 00:00:00', '0000-00-00 00:00:00'),
(582, 11, 'VIANI', '0000-00-00 00:00:00', '0000-00-00 00:00:00'),
(583, 11, 'VILLAGOMEZ', '0000-00-00 00:00:00', '0000-00-00 00:00:00'),
(584, 11, 'VILLAPINZON', '0000-00-00 00:00:00', '0000-00-00 00:00:00'),
(585, 11, 'VILLETA', '0000-00-00 00:00:00', '0000-00-00 00:00:00'),
(586, 11, 'VIOTA', '0000-00-00 00:00:00', '0000-00-00 00:00:00'),
(587, 11, 'YACOPI', '0000-00-00 00:00:00', '0000-00-00 00:00:00'),
(588, 11, 'ZIPACON', '0000-00-00 00:00:00', '0000-00-00 00:00:00'),
(589, 11, 'ZIPAQUIRA', '0000-00-00 00:00:00', '0000-00-00 00:00:00'),
(590, 12, 'QUIBDO', '0000-00-00 00:00:00', '0000-00-00 00:00:00'),
(591, 12, 'ACANDI', '0000-00-00 00:00:00', '0000-00-00 00:00:00'),
(592, 12, 'ALTO BAUDO', '0000-00-00 00:00:00', '0000-00-00 00:00:00'),
(593, 12, 'ATRATO', '0000-00-00 00:00:00', '0000-00-00 00:00:00'),
(594, 12, 'BAGADO', '0000-00-00 00:00:00', '0000-00-00 00:00:00'),
(595, 12, 'BAHIA SOLANO', '0000-00-00 00:00:00', '0000-00-00 00:00:00'),
(596, 12, 'BAJO BAUDO', '0000-00-00 00:00:00', '0000-00-00 00:00:00'),
(597, 12, 'BOJAYA', '0000-00-00 00:00:00', '0000-00-00 00:00:00'),
(598, 12, 'CANTON DE SAN PABLO', '0000-00-00 00:00:00', '0000-00-00 00:00:00'),
(599, 12, 'CONDOTO', '0000-00-00 00:00:00', '0000-00-00 00:00:00'),
(600, 12, 'EL CARMEN DE ATRATO', '0000-00-00 00:00:00', '0000-00-00 00:00:00'),
(601, 12, 'LITORAL DEL BAJO SAN JUAN', '0000-00-00 00:00:00', '0000-00-00 00:00:00'),
(602, 12, 'ISTMINA', '0000-00-00 00:00:00', '0000-00-00 00:00:00'),
(603, 12, 'JURADO', '0000-00-00 00:00:00', '0000-00-00 00:00:00'),
(604, 12, 'LLORO', '0000-00-00 00:00:00', '0000-00-00 00:00:00'),
(605, 12, 'MEDIO ATRATO', '0000-00-00 00:00:00', '0000-00-00 00:00:00'),
(606, 12, 'MEDIO BAUDO', '0000-00-00 00:00:00', '0000-00-00 00:00:00'),
(607, 12, 'NOVITA', '0000-00-00 00:00:00', '0000-00-00 00:00:00'),
(608, 12, 'NUQUI', '0000-00-00 00:00:00', '0000-00-00 00:00:00'),
(609, 12, 'RIOQUITO', '0000-00-00 00:00:00', '0000-00-00 00:00:00'),
(610, 12, 'RIOSUCIO', '0000-00-00 00:00:00', '0000-00-00 00:00:00'),
(611, 12, 'SAN JOSE DEL PALMAR', '0000-00-00 00:00:00', '0000-00-00 00:00:00'),
(612, 12, 'SIPI', '0000-00-00 00:00:00', '0000-00-00 00:00:00'),
(613, 12, 'TADO', '0000-00-00 00:00:00', '0000-00-00 00:00:00'),
(614, 12, 'UNGUIA', '0000-00-00 00:00:00', '0000-00-00 00:00:00'),
(615, 12, 'UNION PANAMERICANA', '0000-00-00 00:00:00', '0000-00-00 00:00:00'),
(616, 13, 'NEIVA', '0000-00-00 00:00:00', '0000-00-00 00:00:00'),
(617, 13, 'ACEVEDO', '0000-00-00 00:00:00', '0000-00-00 00:00:00'),
(618, 13, 'AGRADO', '0000-00-00 00:00:00', '0000-00-00 00:00:00'),
(619, 13, 'AIPE', '0000-00-00 00:00:00', '0000-00-00 00:00:00'),
(620, 13, 'ALGECIRAS', '0000-00-00 00:00:00', '0000-00-00 00:00:00'),
(621, 13, 'ALTAMIRA', '0000-00-00 00:00:00', '0000-00-00 00:00:00'),
(622, 13, 'BARAYA', '0000-00-00 00:00:00', '0000-00-00 00:00:00'),
(623, 13, 'CAMPOALEGRE', '0000-00-00 00:00:00', '0000-00-00 00:00:00'),
(624, 13, 'COLOMBIA', '0000-00-00 00:00:00', '0000-00-00 00:00:00'),
(625, 13, 'ELIAS', '0000-00-00 00:00:00', '0000-00-00 00:00:00'),
(626, 13, 'GARZON', '0000-00-00 00:00:00', '0000-00-00 00:00:00'),
(627, 13, 'GIGANTE', '0000-00-00 00:00:00', '0000-00-00 00:00:00'),
(628, 13, 'GUADALUPE', '0000-00-00 00:00:00', '0000-00-00 00:00:00'),
(629, 13, 'HOBO', '0000-00-00 00:00:00', '0000-00-00 00:00:00'),
(630, 13, 'IQUIRA', '0000-00-00 00:00:00', '0000-00-00 00:00:00'),
(631, 13, 'ISNOS', '0000-00-00 00:00:00', '0000-00-00 00:00:00'),
(632, 13, 'LA ARGENTINA', '0000-00-00 00:00:00', '0000-00-00 00:00:00'),
(633, 13, 'LA PLATA', '0000-00-00 00:00:00', '0000-00-00 00:00:00'),
(634, 13, 'NATAGA', '0000-00-00 00:00:00', '0000-00-00 00:00:00'),
(635, 13, 'OPORAPA', '0000-00-00 00:00:00', '0000-00-00 00:00:00'),
(636, 13, 'PAICOL', '0000-00-00 00:00:00', '0000-00-00 00:00:00'),
(637, 13, 'PALERMO', '0000-00-00 00:00:00', '0000-00-00 00:00:00'),
(638, 13, 'PALESTINA', '0000-00-00 00:00:00', '0000-00-00 00:00:00'),
(639, 13, 'PITAL', '0000-00-00 00:00:00', '0000-00-00 00:00:00'),
(640, 13, 'PITALITO', '0000-00-00 00:00:00', '0000-00-00 00:00:00'),
(641, 13, 'RIVERA', '0000-00-00 00:00:00', '0000-00-00 00:00:00'),
(642, 13, 'SALADOBLANCO', '0000-00-00 00:00:00', '0000-00-00 00:00:00'),
(643, 13, 'SAN AGUSTIN', '0000-00-00 00:00:00', '0000-00-00 00:00:00'),
(644, 13, 'SANTA MARIA', '0000-00-00 00:00:00', '0000-00-00 00:00:00'),
(645, 13, 'SUAZA', '0000-00-00 00:00:00', '0000-00-00 00:00:00'),
(646, 13, 'TARQUI', '0000-00-00 00:00:00', '0000-00-00 00:00:00'),
(647, 13, 'TESALIA', '0000-00-00 00:00:00', '0000-00-00 00:00:00'),
(648, 13, 'TELLO', '0000-00-00 00:00:00', '0000-00-00 00:00:00'),
(649, 13, 'TERUEL', '0000-00-00 00:00:00', '0000-00-00 00:00:00'),
(650, 13, 'TIMANA', '0000-00-00 00:00:00', '0000-00-00 00:00:00'),
(651, 13, 'VILLAVIEJA', '0000-00-00 00:00:00', '0000-00-00 00:00:00'),
(652, 13, 'YAGUARA', '0000-00-00 00:00:00', '0000-00-00 00:00:00'),
(653, 14, 'RIOHACHA', '0000-00-00 00:00:00', '0000-00-00 00:00:00'),
(654, 14, 'BARRANCAS', '0000-00-00 00:00:00', '0000-00-00 00:00:00'),
(655, 14, 'DIBULLA', '0000-00-00 00:00:00', '0000-00-00 00:00:00'),
(656, 14, 'DISTRACCION', '0000-00-00 00:00:00', '0000-00-00 00:00:00'),
(657, 14, 'EL MOLINO', '0000-00-00 00:00:00', '0000-00-00 00:00:00'),
(658, 14, 'FONSECA', '0000-00-00 00:00:00', '0000-00-00 00:00:00'),
(659, 14, 'HATONUEVO', '0000-00-00 00:00:00', '0000-00-00 00:00:00'),
(660, 14, 'LA JAGUA DEL PILAR', '0000-00-00 00:00:00', '0000-00-00 00:00:00'),
(661, 14, 'MAICAO', '0000-00-00 00:00:00', '0000-00-00 00:00:00'),
(662, 14, 'MANAURE', '0000-00-00 00:00:00', '0000-00-00 00:00:00'),
(663, 14, 'SAN JUAN DEL CESAR', '0000-00-00 00:00:00', '0000-00-00 00:00:00'),
(664, 14, 'URIBIA', '0000-00-00 00:00:00', '0000-00-00 00:00:00'),
(665, 14, 'URUMITA', '0000-00-00 00:00:00', '0000-00-00 00:00:00'),
(666, 14, 'VILLANUEVA', '0000-00-00 00:00:00', '0000-00-00 00:00:00'),
(667, 15, 'SANTA MARTA', '0000-00-00 00:00:00', '0000-00-00 00:00:00'),
(668, 15, 'ALGARROBO', '0000-00-00 00:00:00', '0000-00-00 00:00:00'),
(669, 15, 'ARACATACA', '0000-00-00 00:00:00', '0000-00-00 00:00:00'),
(670, 15, 'ARIGUANI', '0000-00-00 00:00:00', '0000-00-00 00:00:00'),
(671, 15, 'CERRO SAN ANTONIO', '0000-00-00 00:00:00', '0000-00-00 00:00:00'),
(672, 15, 'CHIVOLO', '0000-00-00 00:00:00', '0000-00-00 00:00:00'),
(673, 15, 'CIENAGA', '0000-00-00 00:00:00', '0000-00-00 00:00:00'),
(674, 15, 'CONCORDIA', '0000-00-00 00:00:00', '0000-00-00 00:00:00'),
(675, 15, 'EL BANCO', '0000-00-00 00:00:00', '0000-00-00 00:00:00'),
(676, 15, 'EL PIÑON', '0000-00-00 00:00:00', '0000-00-00 00:00:00'),
(677, 15, 'EL RETEN', '0000-00-00 00:00:00', '0000-00-00 00:00:00'),
(678, 15, 'FUNDACION', '0000-00-00 00:00:00', '0000-00-00 00:00:00'),
(679, 15, 'GUAMAL', '0000-00-00 00:00:00', '0000-00-00 00:00:00'),
(680, 15, 'PEDRAZA', '0000-00-00 00:00:00', '0000-00-00 00:00:00'),
(681, 15, 'PIJIÑO DEL CARMEN (PIJIÑO)', '0000-00-00 00:00:00', '0000-00-00 00:00:00'),
(682, 15, 'PIVIJAY', '0000-00-00 00:00:00', '0000-00-00 00:00:00'),
(683, 15, 'PLATO', '0000-00-00 00:00:00', '0000-00-00 00:00:00'),
(684, 15, 'PUEBLOVIEJO', '0000-00-00 00:00:00', '0000-00-00 00:00:00'),
(685, 15, 'REMOLINO', '0000-00-00 00:00:00', '0000-00-00 00:00:00'),
(686, 15, 'SABANAS DE SAN ANGEL', '0000-00-00 00:00:00', '0000-00-00 00:00:00'),
(687, 15, 'SALAMINA', '0000-00-00 00:00:00', '0000-00-00 00:00:00'),
(688, 15, 'SAN SEBASTIAN DE BUENAVISTA', '0000-00-00 00:00:00', '0000-00-00 00:00:00'),
(689, 15, 'SAN ZENON', '0000-00-00 00:00:00', '0000-00-00 00:00:00'),
(690, 15, 'SANTA ANA', '0000-00-00 00:00:00', '0000-00-00 00:00:00'),
(691, 15, 'SITIONUEVO', '0000-00-00 00:00:00', '0000-00-00 00:00:00'),
(692, 15, 'TENERIFE', '0000-00-00 00:00:00', '0000-00-00 00:00:00'),
(693, 16, 'VILLAVICENCIO', '0000-00-00 00:00:00', '0000-00-00 00:00:00'),
(694, 16, 'ACACIAS', '0000-00-00 00:00:00', '0000-00-00 00:00:00'),
(695, 16, 'BARRANCA DE UPIA', '0000-00-00 00:00:00', '0000-00-00 00:00:00'),
(696, 16, 'CABUYARO', '0000-00-00 00:00:00', '0000-00-00 00:00:00'),
(697, 16, 'CASTILLA LA NUEVA', '0000-00-00 00:00:00', '0000-00-00 00:00:00'),
(698, 16, 'SAN LUIS DE CUBARRAL', '0000-00-00 00:00:00', '0000-00-00 00:00:00'),
(699, 16, 'CUMARAL', '0000-00-00 00:00:00', '0000-00-00 00:00:00'),
(700, 16, 'EL CALVARIO', '0000-00-00 00:00:00', '0000-00-00 00:00:00'),
(701, 16, 'EL CASTILLO', '0000-00-00 00:00:00', '0000-00-00 00:00:00'),
(702, 16, 'EL DORADO', '0000-00-00 00:00:00', '0000-00-00 00:00:00'),
(703, 16, 'FUENTE DE ORO', '0000-00-00 00:00:00', '0000-00-00 00:00:00'),
(704, 16, 'GRANADA', '0000-00-00 00:00:00', '0000-00-00 00:00:00'),
(705, 16, 'GUAMAL', '0000-00-00 00:00:00', '0000-00-00 00:00:00'),
(706, 16, 'MAPIRIPAN', '0000-00-00 00:00:00', '0000-00-00 00:00:00'),
(707, 16, 'MESETAS', '0000-00-00 00:00:00', '0000-00-00 00:00:00'),
(708, 16, 'LA MACARENA', '0000-00-00 00:00:00', '0000-00-00 00:00:00'),
(709, 16, 'LA URIBE', '0000-00-00 00:00:00', '0000-00-00 00:00:00'),
(710, 16, 'LEJANIAS', '0000-00-00 00:00:00', '0000-00-00 00:00:00'),
(711, 16, 'PUERTO CONCORDIA', '0000-00-00 00:00:00', '0000-00-00 00:00:00'),
(712, 16, 'PUERTO GAITAN', '0000-00-00 00:00:00', '0000-00-00 00:00:00'),
(713, 16, 'PUERTO LOPEZ', '0000-00-00 00:00:00', '0000-00-00 00:00:00'),
(714, 16, 'PUERTO LLERAS', '0000-00-00 00:00:00', '0000-00-00 00:00:00'),
(715, 16, 'PUERTO RICO', '0000-00-00 00:00:00', '0000-00-00 00:00:00'),
(716, 16, 'RESTREPO', '0000-00-00 00:00:00', '0000-00-00 00:00:00'),
(717, 16, 'SAN CARLOS DE GUAROA', '0000-00-00 00:00:00', '0000-00-00 00:00:00'),
(718, 16, 'SAN JUAN DE ARAMA', '0000-00-00 00:00:00', '0000-00-00 00:00:00'),
(719, 16, 'SAN JUANITO', '0000-00-00 00:00:00', '0000-00-00 00:00:00'),
(720, 16, 'SAN MARTIN', '0000-00-00 00:00:00', '0000-00-00 00:00:00'),
(721, 16, 'VISTAHERMOSA', '0000-00-00 00:00:00', '0000-00-00 00:00:00'),
(722, 17, 'PASTO', '0000-00-00 00:00:00', '0000-00-00 00:00:00'),
(723, 17, 'ALBAN (SAN JOSE)', '0000-00-00 00:00:00', '0000-00-00 00:00:00'),
(724, 17, 'ALDANA', '0000-00-00 00:00:00', '0000-00-00 00:00:00'),
(725, 17, 'ANCUYA', '0000-00-00 00:00:00', '0000-00-00 00:00:00'),
(726, 17, 'ARBOLEDA', '0000-00-00 00:00:00', '0000-00-00 00:00:00'),
(727, 17, 'BARBACOAS', '0000-00-00 00:00:00', '0000-00-00 00:00:00'),
(728, 17, 'BELEN', '0000-00-00 00:00:00', '0000-00-00 00:00:00'),
(729, 17, 'BUESACO', '0000-00-00 00:00:00', '0000-00-00 00:00:00'),
(730, 17, 'COLON', '0000-00-00 00:00:00', '0000-00-00 00:00:00'),
(731, 17, 'CONSACA', '0000-00-00 00:00:00', '0000-00-00 00:00:00'),
(732, 17, 'CONTADERO', '0000-00-00 00:00:00', '0000-00-00 00:00:00'),
(733, 17, 'CORDOBA', '0000-00-00 00:00:00', '0000-00-00 00:00:00'),
(734, 17, 'CUASPUD', '0000-00-00 00:00:00', '0000-00-00 00:00:00'),
(735, 17, 'CUMBAL', '0000-00-00 00:00:00', '0000-00-00 00:00:00'),
(736, 17, 'CUMBITARA', '0000-00-00 00:00:00', '0000-00-00 00:00:00'),
(737, 17, 'CHACHAGUI', '0000-00-00 00:00:00', '0000-00-00 00:00:00'),
(738, 17, 'EL CHARCO', '0000-00-00 00:00:00', '0000-00-00 00:00:00'),
(739, 17, 'EL PEÑOL', '0000-00-00 00:00:00', '0000-00-00 00:00:00'),
(740, 17, 'EL ROSARIO', '0000-00-00 00:00:00', '0000-00-00 00:00:00'),
(741, 17, 'EL TABLON', '0000-00-00 00:00:00', '0000-00-00 00:00:00'),
(742, 17, 'EL TAMBO', '0000-00-00 00:00:00', '0000-00-00 00:00:00'),
(743, 17, 'FUNES', '0000-00-00 00:00:00', '0000-00-00 00:00:00'),
(744, 17, 'GUACHUCAL', '0000-00-00 00:00:00', '0000-00-00 00:00:00');
INSERT INTO `municipios` (`id`, `iddepa`, `nombmuni`, `created_at`, `updated_at`) VALUES
(745, 17, 'GUAITARILLA', '0000-00-00 00:00:00', '0000-00-00 00:00:00'),
(746, 17, 'GUALMATAN', '0000-00-00 00:00:00', '0000-00-00 00:00:00'),
(747, 17, 'ILES', '0000-00-00 00:00:00', '0000-00-00 00:00:00'),
(748, 17, 'IMUES', '0000-00-00 00:00:00', '0000-00-00 00:00:00'),
(749, 17, 'IPIALES', '0000-00-00 00:00:00', '0000-00-00 00:00:00'),
(750, 17, 'LA CRUZ', '0000-00-00 00:00:00', '0000-00-00 00:00:00'),
(751, 17, 'LA FLORIDA', '0000-00-00 00:00:00', '0000-00-00 00:00:00'),
(752, 17, 'LA LLANADA', '0000-00-00 00:00:00', '0000-00-00 00:00:00'),
(753, 17, 'LA TOLA', '0000-00-00 00:00:00', '0000-00-00 00:00:00'),
(754, 17, 'LA UNION', '0000-00-00 00:00:00', '0000-00-00 00:00:00'),
(755, 17, 'LEIVA', '0000-00-00 00:00:00', '0000-00-00 00:00:00'),
(756, 17, 'LINARES', '0000-00-00 00:00:00', '0000-00-00 00:00:00'),
(757, 17, 'LOS ANDES', '0000-00-00 00:00:00', '0000-00-00 00:00:00'),
(758, 17, 'MAGUI', '0000-00-00 00:00:00', '0000-00-00 00:00:00'),
(759, 17, 'MALLAMA', '0000-00-00 00:00:00', '0000-00-00 00:00:00'),
(760, 17, 'MOSQUERA', '0000-00-00 00:00:00', '0000-00-00 00:00:00'),
(761, 17, 'OLAYA HERRERA', '0000-00-00 00:00:00', '0000-00-00 00:00:00'),
(762, 17, 'OSPINA', '0000-00-00 00:00:00', '0000-00-00 00:00:00'),
(763, 17, 'FRANCISCO PIZARRO', '0000-00-00 00:00:00', '0000-00-00 00:00:00'),
(764, 17, 'POLICARPA', '0000-00-00 00:00:00', '0000-00-00 00:00:00'),
(765, 17, 'POTOSI', '0000-00-00 00:00:00', '0000-00-00 00:00:00'),
(766, 17, 'PROVIDENCIA', '0000-00-00 00:00:00', '0000-00-00 00:00:00'),
(767, 17, 'PUERRES', '0000-00-00 00:00:00', '0000-00-00 00:00:00'),
(768, 17, 'PUPIALES', '0000-00-00 00:00:00', '0000-00-00 00:00:00'),
(769, 17, 'RICAURTE', '0000-00-00 00:00:00', '0000-00-00 00:00:00'),
(770, 17, 'ROBERTO PAYAN', '0000-00-00 00:00:00', '0000-00-00 00:00:00'),
(771, 17, 'SAMANIEGO', '0000-00-00 00:00:00', '0000-00-00 00:00:00'),
(772, 17, 'SANDONA', '0000-00-00 00:00:00', '0000-00-00 00:00:00'),
(773, 17, 'SAN BERNARDO', '0000-00-00 00:00:00', '0000-00-00 00:00:00'),
(774, 17, 'SAN LORENZO', '0000-00-00 00:00:00', '0000-00-00 00:00:00'),
(775, 17, 'SAN PABLO', '0000-00-00 00:00:00', '0000-00-00 00:00:00'),
(776, 17, 'SAN PEDRO DE CARTAGO', '0000-00-00 00:00:00', '0000-00-00 00:00:00'),
(777, 17, 'SANTA BARBARA', '0000-00-00 00:00:00', '0000-00-00 00:00:00'),
(778, 17, 'SANTA CRUZ', '0000-00-00 00:00:00', '0000-00-00 00:00:00'),
(779, 17, 'SAPUYES', '0000-00-00 00:00:00', '0000-00-00 00:00:00'),
(780, 17, 'TAMINANGO', '0000-00-00 00:00:00', '0000-00-00 00:00:00'),
(781, 17, 'TANGUA', '0000-00-00 00:00:00', '0000-00-00 00:00:00'),
(782, 17, 'TUMACO', '0000-00-00 00:00:00', '0000-00-00 00:00:00'),
(783, 17, 'TUQUERRES', '0000-00-00 00:00:00', '0000-00-00 00:00:00'),
(784, 17, 'YACUANQUER', '0000-00-00 00:00:00', '0000-00-00 00:00:00'),
(785, 18, 'CUCUTA', '0000-00-00 00:00:00', '0000-00-00 00:00:00'),
(786, 18, 'ABREGO', '0000-00-00 00:00:00', '0000-00-00 00:00:00'),
(787, 18, 'ARBOLEDAS', '0000-00-00 00:00:00', '0000-00-00 00:00:00'),
(788, 18, 'BOCHALEMA', '0000-00-00 00:00:00', '0000-00-00 00:00:00'),
(789, 18, 'BUCARASICA', '0000-00-00 00:00:00', '0000-00-00 00:00:00'),
(790, 18, 'CACOTA', '0000-00-00 00:00:00', '0000-00-00 00:00:00'),
(791, 18, 'CACHIRA', '0000-00-00 00:00:00', '0000-00-00 00:00:00'),
(792, 18, 'CHINACOTA', '0000-00-00 00:00:00', '0000-00-00 00:00:00'),
(793, 18, 'CHITAGA', '0000-00-00 00:00:00', '0000-00-00 00:00:00'),
(794, 18, 'CONVENCION', '0000-00-00 00:00:00', '0000-00-00 00:00:00'),
(795, 18, 'CUCUTILLA', '0000-00-00 00:00:00', '0000-00-00 00:00:00'),
(796, 18, 'DURANIA', '0000-00-00 00:00:00', '0000-00-00 00:00:00'),
(797, 18, 'EL CARMEN', '0000-00-00 00:00:00', '0000-00-00 00:00:00'),
(798, 18, 'EL TARRA', '0000-00-00 00:00:00', '0000-00-00 00:00:00'),
(799, 18, 'EL ZULIA', '0000-00-00 00:00:00', '0000-00-00 00:00:00'),
(800, 18, 'GRAMALOTE', '0000-00-00 00:00:00', '0000-00-00 00:00:00'),
(801, 18, 'HACARI', '0000-00-00 00:00:00', '0000-00-00 00:00:00'),
(802, 18, 'HERRAN', '0000-00-00 00:00:00', '0000-00-00 00:00:00'),
(803, 18, 'LABATECA', '0000-00-00 00:00:00', '0000-00-00 00:00:00'),
(804, 18, 'LA ESPERANZA', '0000-00-00 00:00:00', '0000-00-00 00:00:00'),
(805, 18, 'LA PLAYA', '0000-00-00 00:00:00', '0000-00-00 00:00:00'),
(806, 18, 'LOS PATIOS', '0000-00-00 00:00:00', '0000-00-00 00:00:00'),
(807, 18, 'LOURDES', '0000-00-00 00:00:00', '0000-00-00 00:00:00'),
(808, 18, 'MUTISCUA', '0000-00-00 00:00:00', '0000-00-00 00:00:00'),
(809, 18, 'OCAÑA', '0000-00-00 00:00:00', '0000-00-00 00:00:00'),
(810, 18, 'PAMPLONA', '0000-00-00 00:00:00', '0000-00-00 00:00:00'),
(811, 18, 'PAMPLONITA', '0000-00-00 00:00:00', '0000-00-00 00:00:00'),
(812, 18, 'PUERTO SANTANDER', '0000-00-00 00:00:00', '0000-00-00 00:00:00'),
(813, 18, 'RAGONVALIA', '0000-00-00 00:00:00', '0000-00-00 00:00:00'),
(814, 18, 'SALAZAR', '0000-00-00 00:00:00', '0000-00-00 00:00:00'),
(815, 18, 'SAN CALIXTO', '0000-00-00 00:00:00', '0000-00-00 00:00:00'),
(816, 18, 'SAN CAYETANO', '0000-00-00 00:00:00', '0000-00-00 00:00:00'),
(817, 18, 'SANTIAGO', '0000-00-00 00:00:00', '0000-00-00 00:00:00'),
(818, 18, 'SARDINATA', '0000-00-00 00:00:00', '0000-00-00 00:00:00'),
(819, 18, 'SILOS', '0000-00-00 00:00:00', '0000-00-00 00:00:00'),
(820, 18, 'TEORAMA', '0000-00-00 00:00:00', '0000-00-00 00:00:00'),
(821, 18, 'TIBU', '0000-00-00 00:00:00', '0000-00-00 00:00:00'),
(822, 18, 'TOLEDO', '0000-00-00 00:00:00', '0000-00-00 00:00:00'),
(823, 18, 'VILLACARO', '0000-00-00 00:00:00', '0000-00-00 00:00:00'),
(824, 18, 'VILLA DEL ROSARIO', '0000-00-00 00:00:00', '0000-00-00 00:00:00'),
(825, 19, 'ARMENIA', '0000-00-00 00:00:00', '0000-00-00 00:00:00'),
(826, 19, 'BUENAVISTA', '0000-00-00 00:00:00', '0000-00-00 00:00:00'),
(827, 19, 'CALARCA', '0000-00-00 00:00:00', '0000-00-00 00:00:00'),
(828, 19, 'CIRCASIA', '0000-00-00 00:00:00', '0000-00-00 00:00:00'),
(829, 19, 'CORDOBA', '0000-00-00 00:00:00', '0000-00-00 00:00:00'),
(830, 19, 'FILANDIA', '0000-00-00 00:00:00', '0000-00-00 00:00:00'),
(831, 19, 'GENOVA', '0000-00-00 00:00:00', '0000-00-00 00:00:00'),
(832, 19, 'LA TEBAIDA', '0000-00-00 00:00:00', '0000-00-00 00:00:00'),
(833, 19, 'MONTENEGRO', '0000-00-00 00:00:00', '0000-00-00 00:00:00'),
(834, 19, 'PIJAO', '0000-00-00 00:00:00', '0000-00-00 00:00:00'),
(835, 19, 'QUIMBAYA', '0000-00-00 00:00:00', '0000-00-00 00:00:00'),
(836, 19, 'SALENTO', '0000-00-00 00:00:00', '0000-00-00 00:00:00'),
(837, 20, 'PEREIRA', '0000-00-00 00:00:00', '0000-00-00 00:00:00'),
(838, 20, 'APIA', '0000-00-00 00:00:00', '0000-00-00 00:00:00'),
(839, 20, 'BALBOA', '0000-00-00 00:00:00', '0000-00-00 00:00:00'),
(840, 20, 'BELEN DE UMBRIA', '0000-00-00 00:00:00', '0000-00-00 00:00:00'),
(841, 20, 'DOS QUEBRADAS', '0000-00-00 00:00:00', '0000-00-00 00:00:00'),
(842, 20, 'GUATICA', '0000-00-00 00:00:00', '0000-00-00 00:00:00'),
(843, 20, 'LA CELIA', '0000-00-00 00:00:00', '0000-00-00 00:00:00'),
(844, 20, 'LA VIRGINIA', '0000-00-00 00:00:00', '0000-00-00 00:00:00'),
(845, 20, 'MARSELLA', '0000-00-00 00:00:00', '0000-00-00 00:00:00'),
(846, 20, 'MISTRATO', '0000-00-00 00:00:00', '0000-00-00 00:00:00'),
(847, 20, 'PUEBLO RICO', '0000-00-00 00:00:00', '0000-00-00 00:00:00'),
(848, 20, 'QUINCHIA', '0000-00-00 00:00:00', '0000-00-00 00:00:00'),
(849, 20, 'SANTA ROSA DE CABAL', '0000-00-00 00:00:00', '0000-00-00 00:00:00'),
(850, 20, 'SANTUARIO', '0000-00-00 00:00:00', '0000-00-00 00:00:00'),
(851, 21, 'BUCARAMANGA', '0000-00-00 00:00:00', '0000-00-00 00:00:00'),
(852, 21, 'AGUADA', '0000-00-00 00:00:00', '0000-00-00 00:00:00'),
(853, 21, 'ALBANIA', '0000-00-00 00:00:00', '0000-00-00 00:00:00'),
(854, 21, 'ARATOCA', '0000-00-00 00:00:00', '0000-00-00 00:00:00'),
(855, 21, 'BARBOSA', '0000-00-00 00:00:00', '0000-00-00 00:00:00'),
(856, 21, 'BARICHARA', '0000-00-00 00:00:00', '0000-00-00 00:00:00'),
(857, 21, 'BARRANCABERMEJA', '0000-00-00 00:00:00', '0000-00-00 00:00:00'),
(858, 21, 'BETULIA', '0000-00-00 00:00:00', '0000-00-00 00:00:00'),
(859, 21, 'BOLIVAR', '0000-00-00 00:00:00', '0000-00-00 00:00:00'),
(860, 21, 'CABRERA', '0000-00-00 00:00:00', '0000-00-00 00:00:00'),
(861, 21, 'CALIFORNIA', '0000-00-00 00:00:00', '0000-00-00 00:00:00'),
(862, 21, 'CAPITANEJO', '0000-00-00 00:00:00', '0000-00-00 00:00:00'),
(863, 21, 'CARCASI', '0000-00-00 00:00:00', '0000-00-00 00:00:00'),
(864, 21, 'CEPITA', '0000-00-00 00:00:00', '0000-00-00 00:00:00'),
(865, 21, 'CERRITO', '0000-00-00 00:00:00', '0000-00-00 00:00:00'),
(866, 21, 'CHARALA', '0000-00-00 00:00:00', '0000-00-00 00:00:00'),
(867, 21, 'CHARTA', '0000-00-00 00:00:00', '0000-00-00 00:00:00'),
(868, 21, 'CHIMA', '0000-00-00 00:00:00', '0000-00-00 00:00:00'),
(869, 21, 'CHIPATA', '0000-00-00 00:00:00', '0000-00-00 00:00:00'),
(870, 21, 'CIMITARRA', '0000-00-00 00:00:00', '0000-00-00 00:00:00'),
(871, 21, 'CONCEPCION', '0000-00-00 00:00:00', '0000-00-00 00:00:00'),
(872, 21, 'CONFINES', '0000-00-00 00:00:00', '0000-00-00 00:00:00'),
(873, 21, 'CONTRATACION', '0000-00-00 00:00:00', '0000-00-00 00:00:00'),
(874, 21, 'COROMORO', '0000-00-00 00:00:00', '0000-00-00 00:00:00'),
(875, 21, 'CURITI', '0000-00-00 00:00:00', '0000-00-00 00:00:00'),
(876, 21, 'EL CARMEN DE CHUCURY', '0000-00-00 00:00:00', '0000-00-00 00:00:00'),
(877, 21, 'EL GUACAMAYO', '0000-00-00 00:00:00', '0000-00-00 00:00:00'),
(878, 21, 'EL PEÑON', '0000-00-00 00:00:00', '0000-00-00 00:00:00'),
(879, 21, 'EL PLAYON', '0000-00-00 00:00:00', '0000-00-00 00:00:00'),
(880, 21, 'ENCINO', '0000-00-00 00:00:00', '0000-00-00 00:00:00'),
(881, 21, 'ENCISO', '0000-00-00 00:00:00', '0000-00-00 00:00:00'),
(882, 21, 'FLORIAN', '0000-00-00 00:00:00', '0000-00-00 00:00:00'),
(883, 21, 'FLORIDABLANCA', '0000-00-00 00:00:00', '0000-00-00 00:00:00'),
(884, 21, 'GALAN', '0000-00-00 00:00:00', '0000-00-00 00:00:00'),
(885, 21, 'GAMBITA', '0000-00-00 00:00:00', '0000-00-00 00:00:00'),
(886, 21, 'GIRON', '0000-00-00 00:00:00', '0000-00-00 00:00:00'),
(887, 21, 'GUACA', '0000-00-00 00:00:00', '0000-00-00 00:00:00'),
(888, 21, 'GUADALUPE', '0000-00-00 00:00:00', '0000-00-00 00:00:00'),
(889, 21, 'GUAPOTA', '0000-00-00 00:00:00', '0000-00-00 00:00:00'),
(890, 21, 'GUAVATA', '0000-00-00 00:00:00', '0000-00-00 00:00:00'),
(891, 21, 'GUEPSA', '0000-00-00 00:00:00', '0000-00-00 00:00:00'),
(892, 21, 'HATO', '0000-00-00 00:00:00', '0000-00-00 00:00:00'),
(893, 21, 'JESUS MARIA', '0000-00-00 00:00:00', '0000-00-00 00:00:00'),
(894, 21, 'JORDAN', '0000-00-00 00:00:00', '0000-00-00 00:00:00'),
(895, 21, 'LA BELLEZA', '0000-00-00 00:00:00', '0000-00-00 00:00:00'),
(896, 21, 'LANDAZURI', '0000-00-00 00:00:00', '0000-00-00 00:00:00'),
(897, 21, 'LA PAZ', '0000-00-00 00:00:00', '0000-00-00 00:00:00'),
(898, 21, 'LEBRIJA', '0000-00-00 00:00:00', '0000-00-00 00:00:00'),
(899, 21, 'LOS SANTOS', '0000-00-00 00:00:00', '0000-00-00 00:00:00'),
(900, 21, 'MACARAVITA', '0000-00-00 00:00:00', '0000-00-00 00:00:00'),
(901, 21, 'MALAGA', '0000-00-00 00:00:00', '0000-00-00 00:00:00'),
(902, 21, 'MATANZA', '0000-00-00 00:00:00', '0000-00-00 00:00:00'),
(903, 21, 'MOGOTES', '0000-00-00 00:00:00', '0000-00-00 00:00:00'),
(904, 21, 'MOLAGAVITA', '0000-00-00 00:00:00', '0000-00-00 00:00:00'),
(905, 21, 'OCAMONTE', '0000-00-00 00:00:00', '0000-00-00 00:00:00'),
(906, 21, 'OIBA', '0000-00-00 00:00:00', '0000-00-00 00:00:00'),
(907, 21, 'ONZAGA', '0000-00-00 00:00:00', '0000-00-00 00:00:00'),
(908, 21, 'PALMAR', '0000-00-00 00:00:00', '0000-00-00 00:00:00'),
(909, 21, 'PALMAS DEL SOCORRO', '0000-00-00 00:00:00', '0000-00-00 00:00:00'),
(910, 21, 'PARAMO', '0000-00-00 00:00:00', '0000-00-00 00:00:00'),
(911, 21, 'PIEDECUESTA', '0000-00-00 00:00:00', '0000-00-00 00:00:00'),
(912, 21, 'PINCHOTE', '0000-00-00 00:00:00', '0000-00-00 00:00:00'),
(913, 21, 'PUENTE NACIONAL', '0000-00-00 00:00:00', '0000-00-00 00:00:00'),
(914, 21, 'PUERTO PARRA', '0000-00-00 00:00:00', '0000-00-00 00:00:00'),
(915, 21, 'PUERTO WILCHES', '0000-00-00 00:00:00', '0000-00-00 00:00:00'),
(916, 21, 'RIONEGRO', '0000-00-00 00:00:00', '0000-00-00 00:00:00'),
(917, 21, 'SABANA DE TORRES', '0000-00-00 00:00:00', '0000-00-00 00:00:00'),
(918, 21, 'SAN ANDRES', '0000-00-00 00:00:00', '0000-00-00 00:00:00'),
(919, 21, 'SAN BENITO', '0000-00-00 00:00:00', '0000-00-00 00:00:00'),
(920, 21, 'SAN GIL', '0000-00-00 00:00:00', '0000-00-00 00:00:00'),
(921, 21, 'SAN JOAQUIN', '0000-00-00 00:00:00', '0000-00-00 00:00:00'),
(922, 21, 'SAN JOSE DE MIRANDA', '0000-00-00 00:00:00', '0000-00-00 00:00:00'),
(923, 21, 'SAN MIGUEL', '0000-00-00 00:00:00', '0000-00-00 00:00:00'),
(924, 21, 'SAN VICENTE DE CHUCURI', '0000-00-00 00:00:00', '0000-00-00 00:00:00'),
(925, 21, 'SANTA BARBARA', '0000-00-00 00:00:00', '0000-00-00 00:00:00'),
(926, 21, 'SANTA HELENA DEL OPON', '0000-00-00 00:00:00', '0000-00-00 00:00:00'),
(927, 21, 'SIMACOTA', '0000-00-00 00:00:00', '0000-00-00 00:00:00'),
(928, 21, 'SOCORRO', '0000-00-00 00:00:00', '0000-00-00 00:00:00'),
(929, 21, 'SUAITA', '0000-00-00 00:00:00', '0000-00-00 00:00:00'),
(930, 21, 'SUCRE', '0000-00-00 00:00:00', '0000-00-00 00:00:00'),
(931, 21, 'SURATA', '0000-00-00 00:00:00', '0000-00-00 00:00:00'),
(932, 21, 'TONA', '0000-00-00 00:00:00', '0000-00-00 00:00:00'),
(933, 21, 'VALLE SAN JOSE', '0000-00-00 00:00:00', '0000-00-00 00:00:00'),
(934, 21, 'VELEZ', '0000-00-00 00:00:00', '0000-00-00 00:00:00'),
(935, 21, 'VETAS', '0000-00-00 00:00:00', '0000-00-00 00:00:00'),
(936, 21, 'VILLANUEVA', '0000-00-00 00:00:00', '0000-00-00 00:00:00'),
(937, 21, 'ZAPATOCA', '0000-00-00 00:00:00', '0000-00-00 00:00:00'),
(938, 22, 'SINCELEJO', '0000-00-00 00:00:00', '0000-00-00 00:00:00'),
(939, 22, 'BUENAVISTA', '0000-00-00 00:00:00', '0000-00-00 00:00:00'),
(940, 22, 'CAIMITO', '0000-00-00 00:00:00', '0000-00-00 00:00:00'),
(941, 22, 'COLOSO', '0000-00-00 00:00:00', '0000-00-00 00:00:00'),
(942, 22, 'COROZAL', '0000-00-00 00:00:00', '0000-00-00 00:00:00'),
(943, 22, 'CHALAN', '0000-00-00 00:00:00', '0000-00-00 00:00:00'),
(944, 22, 'GALERAS', '0000-00-00 00:00:00', '0000-00-00 00:00:00'),
(945, 22, 'GUARANDA', '0000-00-00 00:00:00', '0000-00-00 00:00:00'),
(946, 22, 'LA UNION', '0000-00-00 00:00:00', '0000-00-00 00:00:00'),
(947, 22, 'LOS PALMITOS', '0000-00-00 00:00:00', '0000-00-00 00:00:00'),
(948, 22, 'MAJAGUAL', '0000-00-00 00:00:00', '0000-00-00 00:00:00'),
(949, 22, 'MORROA', '0000-00-00 00:00:00', '0000-00-00 00:00:00'),
(950, 22, 'OVEJAS', '0000-00-00 00:00:00', '0000-00-00 00:00:00'),
(951, 22, 'PALMITO', '0000-00-00 00:00:00', '0000-00-00 00:00:00'),
(952, 22, 'SAMPUES', '0000-00-00 00:00:00', '0000-00-00 00:00:00'),
(953, 22, 'SAN BENITO ABAD', '0000-00-00 00:00:00', '0000-00-00 00:00:00'),
(954, 22, 'SAN JUAN DE BETULIA', '0000-00-00 00:00:00', '0000-00-00 00:00:00'),
(955, 22, 'SAN MARCOS', '0000-00-00 00:00:00', '0000-00-00 00:00:00'),
(956, 22, 'SAN ONOFRE', '0000-00-00 00:00:00', '0000-00-00 00:00:00'),
(957, 22, 'SAN PEDRO', '0000-00-00 00:00:00', '0000-00-00 00:00:00'),
(958, 22, 'SINCE', '0000-00-00 00:00:00', '0000-00-00 00:00:00'),
(959, 22, 'SUCRE', '0000-00-00 00:00:00', '0000-00-00 00:00:00'),
(960, 22, 'TOLU', '0000-00-00 00:00:00', '0000-00-00 00:00:00'),
(961, 22, 'TOLUVIEJO', '0000-00-00 00:00:00', '0000-00-00 00:00:00'),
(962, 23, 'IBAGUE', '0000-00-00 00:00:00', '0000-00-00 00:00:00'),
(963, 23, 'ALPUJARRA', '0000-00-00 00:00:00', '0000-00-00 00:00:00'),
(964, 23, 'ALVARADO', '0000-00-00 00:00:00', '0000-00-00 00:00:00'),
(965, 23, 'AMBALEMA', '0000-00-00 00:00:00', '0000-00-00 00:00:00'),
(966, 23, 'ANZOATEGUI', '0000-00-00 00:00:00', '0000-00-00 00:00:00'),
(967, 23, 'ARMERO', '0000-00-00 00:00:00', '0000-00-00 00:00:00'),
(968, 23, 'ATACO', '0000-00-00 00:00:00', '0000-00-00 00:00:00'),
(969, 23, 'CAJAMARCA', '0000-00-00 00:00:00', '0000-00-00 00:00:00'),
(970, 23, 'CARMEN APICALA', '0000-00-00 00:00:00', '0000-00-00 00:00:00'),
(971, 23, 'CASABIANCA', '0000-00-00 00:00:00', '0000-00-00 00:00:00'),
(972, 23, 'CHAPARRAL', '0000-00-00 00:00:00', '0000-00-00 00:00:00'),
(973, 23, 'COELLO', '0000-00-00 00:00:00', '0000-00-00 00:00:00'),
(974, 23, 'COYAIMA', '0000-00-00 00:00:00', '0000-00-00 00:00:00'),
(975, 23, 'CUNDAY', '0000-00-00 00:00:00', '0000-00-00 00:00:00'),
(976, 23, 'DOLORES', '0000-00-00 00:00:00', '0000-00-00 00:00:00'),
(977, 23, 'ESPINAL', '0000-00-00 00:00:00', '0000-00-00 00:00:00'),
(978, 23, 'FALAN', '0000-00-00 00:00:00', '0000-00-00 00:00:00'),
(979, 23, 'FLANDES', '0000-00-00 00:00:00', '0000-00-00 00:00:00'),
(980, 23, 'FRESNO', '0000-00-00 00:00:00', '0000-00-00 00:00:00'),
(981, 23, 'GUAMO', '0000-00-00 00:00:00', '0000-00-00 00:00:00'),
(982, 23, 'HERVEO', '0000-00-00 00:00:00', '0000-00-00 00:00:00'),
(983, 23, 'HONDA', '0000-00-00 00:00:00', '0000-00-00 00:00:00'),
(984, 23, 'ICONONZO', '0000-00-00 00:00:00', '0000-00-00 00:00:00'),
(985, 23, 'LERIDA', '0000-00-00 00:00:00', '0000-00-00 00:00:00'),
(986, 23, 'LIBANO', '0000-00-00 00:00:00', '0000-00-00 00:00:00'),
(987, 23, 'MARIQUITA', '0000-00-00 00:00:00', '0000-00-00 00:00:00'),
(988, 23, 'MELGAR', '0000-00-00 00:00:00', '0000-00-00 00:00:00'),
(989, 23, 'MURILLO', '0000-00-00 00:00:00', '0000-00-00 00:00:00'),
(990, 23, 'NATAGAIMA', '0000-00-00 00:00:00', '0000-00-00 00:00:00'),
(991, 23, 'ORTEGA', '0000-00-00 00:00:00', '0000-00-00 00:00:00'),
(992, 23, 'PALOCABILDO', '0000-00-00 00:00:00', '0000-00-00 00:00:00'),
(993, 23, 'PIEDRAS', '0000-00-00 00:00:00', '0000-00-00 00:00:00'),
(994, 23, 'PLANADAS', '0000-00-00 00:00:00', '0000-00-00 00:00:00'),
(995, 23, 'PRADO', '0000-00-00 00:00:00', '0000-00-00 00:00:00'),
(996, 23, 'PURIFICACION', '0000-00-00 00:00:00', '0000-00-00 00:00:00'),
(997, 23, 'RIOBLANCO', '0000-00-00 00:00:00', '0000-00-00 00:00:00'),
(998, 23, 'RONCESVALLES', '0000-00-00 00:00:00', '0000-00-00 00:00:00'),
(999, 23, 'ROVIRA', '0000-00-00 00:00:00', '0000-00-00 00:00:00'),
(1000, 23, 'SALDAÑA', '0000-00-00 00:00:00', '0000-00-00 00:00:00'),
(1001, 23, 'SAN ANTONIO', '0000-00-00 00:00:00', '0000-00-00 00:00:00'),
(1002, 23, 'SAN LUIS', '0000-00-00 00:00:00', '0000-00-00 00:00:00'),
(1003, 23, 'SANTA ISABEL', '0000-00-00 00:00:00', '0000-00-00 00:00:00'),
(1004, 23, 'SUAREZ', '0000-00-00 00:00:00', '0000-00-00 00:00:00'),
(1005, 23, 'VALLE DE SAN JUAN', '0000-00-00 00:00:00', '0000-00-00 00:00:00'),
(1006, 23, 'VENADILLO', '0000-00-00 00:00:00', '0000-00-00 00:00:00'),
(1007, 23, 'VILLAHERMOSA', '0000-00-00 00:00:00', '0000-00-00 00:00:00'),
(1008, 23, 'VILLARRICA', '0000-00-00 00:00:00', '0000-00-00 00:00:00'),
(1009, 24, 'CALI', '0000-00-00 00:00:00', '0000-00-00 00:00:00'),
(1010, 24, 'ALCALA', '0000-00-00 00:00:00', '0000-00-00 00:00:00'),
(1011, 24, 'ANDALUCIA', '0000-00-00 00:00:00', '0000-00-00 00:00:00'),
(1012, 24, 'ANSERMANUEVO', '0000-00-00 00:00:00', '0000-00-00 00:00:00'),
(1013, 24, 'ARGELIA', '0000-00-00 00:00:00', '0000-00-00 00:00:00'),
(1014, 24, 'BOLIVAR', '0000-00-00 00:00:00', '0000-00-00 00:00:00'),
(1015, 24, 'BUENAVENTURA', '0000-00-00 00:00:00', '0000-00-00 00:00:00'),
(1016, 24, 'BUGA', '0000-00-00 00:00:00', '0000-00-00 00:00:00'),
(1017, 24, 'BUGALAGRANDE', '0000-00-00 00:00:00', '0000-00-00 00:00:00'),
(1018, 24, 'CAICEDONIA', '0000-00-00 00:00:00', '0000-00-00 00:00:00'),
(1019, 24, 'CALIMA', '0000-00-00 00:00:00', '0000-00-00 00:00:00'),
(1020, 24, 'CANDELARIA', '0000-00-00 00:00:00', '0000-00-00 00:00:00'),
(1021, 24, 'CARTAGO', '0000-00-00 00:00:00', '0000-00-00 00:00:00'),
(1022, 24, 'DAGUA', '0000-00-00 00:00:00', '0000-00-00 00:00:00'),
(1023, 24, 'EL AGUILA', '0000-00-00 00:00:00', '0000-00-00 00:00:00'),
(1024, 24, 'EL CAIRO', '0000-00-00 00:00:00', '0000-00-00 00:00:00'),
(1025, 24, 'EL CERRITO', '0000-00-00 00:00:00', '0000-00-00 00:00:00'),
(1026, 24, 'EL DOVIO', '0000-00-00 00:00:00', '0000-00-00 00:00:00'),
(1027, 24, 'FLORIDA', '0000-00-00 00:00:00', '0000-00-00 00:00:00'),
(1028, 24, 'GINEBRA', '0000-00-00 00:00:00', '0000-00-00 00:00:00'),
(1029, 24, 'GUACARI', '0000-00-00 00:00:00', '0000-00-00 00:00:00'),
(1030, 24, 'JAMUNDI', '0000-00-00 00:00:00', '0000-00-00 00:00:00'),
(1031, 24, 'LA CUMBRE', '0000-00-00 00:00:00', '0000-00-00 00:00:00'),
(1032, 24, 'LA UNION', '0000-00-00 00:00:00', '0000-00-00 00:00:00'),
(1033, 24, 'LA VICTORIA', '0000-00-00 00:00:00', '0000-00-00 00:00:00'),
(1034, 24, 'OBANDO', '0000-00-00 00:00:00', '0000-00-00 00:00:00'),
(1035, 24, 'PALMIRA', '0000-00-00 00:00:00', '0000-00-00 00:00:00'),
(1036, 24, 'PRADERA', '0000-00-00 00:00:00', '0000-00-00 00:00:00'),
(1037, 24, 'RESTREPO', '0000-00-00 00:00:00', '0000-00-00 00:00:00'),
(1038, 24, 'RIOFRIO', '0000-00-00 00:00:00', '0000-00-00 00:00:00'),
(1039, 24, 'ROLDANILLO', '0000-00-00 00:00:00', '0000-00-00 00:00:00'),
(1040, 24, 'SAN PEDRO', '0000-00-00 00:00:00', '0000-00-00 00:00:00'),
(1041, 24, 'SEVILLA', '0000-00-00 00:00:00', '0000-00-00 00:00:00'),
(1042, 24, 'TORO', '0000-00-00 00:00:00', '0000-00-00 00:00:00'),
(1043, 24, 'TRUJILLO', '0000-00-00 00:00:00', '0000-00-00 00:00:00'),
(1044, 24, 'TULUA', '0000-00-00 00:00:00', '0000-00-00 00:00:00'),
(1045, 24, 'ULLOA', '0000-00-00 00:00:00', '0000-00-00 00:00:00'),
(1046, 24, 'VERSALLES', '0000-00-00 00:00:00', '0000-00-00 00:00:00'),
(1047, 24, 'VIJES', '0000-00-00 00:00:00', '0000-00-00 00:00:00'),
(1048, 24, 'YOTOCO', '0000-00-00 00:00:00', '0000-00-00 00:00:00'),
(1049, 24, 'YUMBO', '0000-00-00 00:00:00', '0000-00-00 00:00:00'),
(1050, 24, 'ZARZAL', '0000-00-00 00:00:00', '0000-00-00 00:00:00'),
(1051, 25, 'ARAUCA', '0000-00-00 00:00:00', '0000-00-00 00:00:00'),
(1052, 25, 'ARAUQUITA', '0000-00-00 00:00:00', '0000-00-00 00:00:00'),
(1053, 25, 'CRAVO NORTE', '0000-00-00 00:00:00', '0000-00-00 00:00:00'),
(1054, 25, 'FORTUL', '0000-00-00 00:00:00', '0000-00-00 00:00:00'),
(1055, 25, 'PUERTO RONDON', '0000-00-00 00:00:00', '0000-00-00 00:00:00'),
(1056, 25, 'SARAVENA', '0000-00-00 00:00:00', '0000-00-00 00:00:00'),
(1057, 25, 'TAME', '0000-00-00 00:00:00', '0000-00-00 00:00:00'),
(1058, 26, 'YOPAL', '0000-00-00 00:00:00', '0000-00-00 00:00:00'),
(1059, 26, 'AGUAZUL', '0000-00-00 00:00:00', '0000-00-00 00:00:00'),
(1060, 26, 'CHAMEZA', '0000-00-00 00:00:00', '0000-00-00 00:00:00'),
(1061, 26, 'HATO COROZAL', '0000-00-00 00:00:00', '0000-00-00 00:00:00'),
(1062, 26, 'LA SALINA', '0000-00-00 00:00:00', '0000-00-00 00:00:00'),
(1063, 26, 'MANI', '0000-00-00 00:00:00', '0000-00-00 00:00:00'),
(1064, 26, 'MONTERREY', '0000-00-00 00:00:00', '0000-00-00 00:00:00'),
(1065, 26, 'NUNCHIA', '0000-00-00 00:00:00', '0000-00-00 00:00:00'),
(1066, 26, 'OROCUE', '0000-00-00 00:00:00', '0000-00-00 00:00:00'),
(1067, 26, 'PAZ DE ARIPORO', '0000-00-00 00:00:00', '0000-00-00 00:00:00'),
(1068, 26, 'PORE', '0000-00-00 00:00:00', '0000-00-00 00:00:00'),
(1069, 26, 'RECETOR', '0000-00-00 00:00:00', '0000-00-00 00:00:00'),
(1070, 26, 'SABANALARGA', '0000-00-00 00:00:00', '0000-00-00 00:00:00'),
(1071, 26, 'SACAMA', '0000-00-00 00:00:00', '0000-00-00 00:00:00'),
(1072, 26, 'SAN LUIS DE PALENQUE', '0000-00-00 00:00:00', '0000-00-00 00:00:00'),
(1073, 26, 'TAMARA', '0000-00-00 00:00:00', '0000-00-00 00:00:00'),
(1074, 26, 'TAURAMENA', '0000-00-00 00:00:00', '0000-00-00 00:00:00'),
(1075, 26, 'TRINIDAD', '0000-00-00 00:00:00', '0000-00-00 00:00:00'),
(1076, 26, 'VILLANUEVA', '0000-00-00 00:00:00', '0000-00-00 00:00:00'),
(1077, 27, 'MOCOA', '0000-00-00 00:00:00', '0000-00-00 00:00:00'),
(1078, 27, 'COLON', '0000-00-00 00:00:00', '0000-00-00 00:00:00'),
(1079, 27, 'ORITO', '0000-00-00 00:00:00', '0000-00-00 00:00:00'),
(1080, 27, 'PUERTO ASIS', '0000-00-00 00:00:00', '0000-00-00 00:00:00'),
(1081, 27, 'PUERTO CAICEDO', '0000-00-00 00:00:00', '0000-00-00 00:00:00'),
(1082, 27, 'PUERTO GUZMAN', '0000-00-00 00:00:00', '0000-00-00 00:00:00'),
(1083, 27, 'PUERTO LEGUIZAMO', '0000-00-00 00:00:00', '0000-00-00 00:00:00'),
(1084, 27, 'SIBUNDOY', '0000-00-00 00:00:00', '0000-00-00 00:00:00'),
(1085, 27, 'SAN FRANCISCO', '0000-00-00 00:00:00', '0000-00-00 00:00:00'),
(1086, 27, 'SAN MIGUEL (LA DORADA)', '0000-00-00 00:00:00', '0000-00-00 00:00:00'),
(1087, 27, 'SANTIAGO', '0000-00-00 00:00:00', '0000-00-00 00:00:00'),
(1088, 27, 'LA HORMIGA', '0000-00-00 00:00:00', '0000-00-00 00:00:00'),
(1089, 27, 'VILLAGARZON', '0000-00-00 00:00:00', '0000-00-00 00:00:00'),
(1090, 28, 'SAN ANDRES', '0000-00-00 00:00:00', '0000-00-00 00:00:00'),
(1091, 28, 'PROVIDENCIA', '0000-00-00 00:00:00', '0000-00-00 00:00:00'),
(1092, 29, 'LETICIA', '0000-00-00 00:00:00', '0000-00-00 00:00:00'),
(1093, 29, 'EL ENCANTO', '0000-00-00 00:00:00', '0000-00-00 00:00:00'),
(1094, 29, 'LA CHORRERA', '0000-00-00 00:00:00', '0000-00-00 00:00:00'),
(1095, 29, 'LA PEDRERA', '0000-00-00 00:00:00', '0000-00-00 00:00:00'),
(1096, 29, 'LA VICTORIA', '0000-00-00 00:00:00', '0000-00-00 00:00:00'),
(1097, 29, 'MIRITI-PARANA', '0000-00-00 00:00:00', '0000-00-00 00:00:00'),
(1098, 29, 'PUERTO ALEGRIA', '0000-00-00 00:00:00', '0000-00-00 00:00:00'),
(1099, 29, 'PUERTO ARICA', '0000-00-00 00:00:00', '0000-00-00 00:00:00'),
(1100, 29, 'PUERTO NARIÑO', '0000-00-00 00:00:00', '0000-00-00 00:00:00'),
(1101, 29, 'PUERTO SANTANDER', '0000-00-00 00:00:00', '0000-00-00 00:00:00'),
(1102, 29, 'TARAPACA', '0000-00-00 00:00:00', '0000-00-00 00:00:00'),
(1103, 30, 'PUERTO INIRIDA', '0000-00-00 00:00:00', '0000-00-00 00:00:00'),
(1104, 30, 'BARRANCO MINAS', '0000-00-00 00:00:00', '0000-00-00 00:00:00'),
(1105, 30, 'SAN FELIPE', '0000-00-00 00:00:00', '0000-00-00 00:00:00'),
(1106, 30, 'PUERTO COLOMBIA', '0000-00-00 00:00:00', '0000-00-00 00:00:00'),
(1107, 30, 'LA GUADALUPE', '0000-00-00 00:00:00', '0000-00-00 00:00:00'),
(1108, 30, 'CACAHUAL', '0000-00-00 00:00:00', '0000-00-00 00:00:00'),
(1109, 30, 'PANA PANA', '0000-00-00 00:00:00', '0000-00-00 00:00:00'),
(1110, 30, 'MORICHAL', '0000-00-00 00:00:00', '0000-00-00 00:00:00'),
(1111, 31, 'SAN JOSE DEL GUAVIARE', '0000-00-00 00:00:00', '0000-00-00 00:00:00'),
(1112, 31, 'CALAMAR', '0000-00-00 00:00:00', '0000-00-00 00:00:00'),
(1113, 31, 'EL RETORNO', '0000-00-00 00:00:00', '0000-00-00 00:00:00'),
(1114, 31, 'MIRAFLORES', '0000-00-00 00:00:00', '0000-00-00 00:00:00'),
(1115, 32, 'MITU', '0000-00-00 00:00:00', '0000-00-00 00:00:00'),
(1116, 32, 'CARURU', '0000-00-00 00:00:00', '0000-00-00 00:00:00'),
(1117, 32, 'PACOA', '0000-00-00 00:00:00', '0000-00-00 00:00:00'),
(1118, 32, 'TARAIRA', '0000-00-00 00:00:00', '0000-00-00 00:00:00'),
(1119, 32, 'PAPUNAUA', '0000-00-00 00:00:00', '0000-00-00 00:00:00'),
(1120, 32, 'YAVARATE', '0000-00-00 00:00:00', '0000-00-00 00:00:00'),
(1121, 33, 'PUERTO CARREÑO', '0000-00-00 00:00:00', '0000-00-00 00:00:00'),
(1122, 33, 'LA PRIMAVERA', '0000-00-00 00:00:00', '0000-00-00 00:00:00'),
(1123, 33, 'SANTA RITA', '0000-00-00 00:00:00', '0000-00-00 00:00:00'),
(1124, 33, 'SANTA ROSALIA', '0000-00-00 00:00:00', '0000-00-00 00:00:00'),
(1125, 33, 'SAN JOSE DE OCUNE', '0000-00-00 00:00:00', '0000-00-00 00:00:00'),
(1126, 33, 'CUMARIBO', '0000-00-00 00:00:00', '0000-00-00 00:00:00');

-- --------------------------------------------------------

--
-- Estructura de tabla para la tabla `personal_access_tokens`
--

CREATE TABLE `personal_access_tokens` (
  `id` bigint(20) UNSIGNED NOT NULL,
  `tokenable_type` varchar(255) COLLATE utf8mb4_unicode_ci NOT NULL,
  `tokenable_id` bigint(20) UNSIGNED NOT NULL,
  `name` varchar(255) COLLATE utf8mb4_unicode_ci NOT NULL,
  `token` varchar(64) COLLATE utf8mb4_unicode_ci NOT NULL,
  `abilities` text COLLATE utf8mb4_unicode_ci DEFAULT NULL,
  `last_used_at` timestamp NULL DEFAULT NULL,
  `created_at` timestamp NULL DEFAULT NULL,
  `updated_at` timestamp NULL DEFAULT NULL
) ENGINE=InnoDB DEFAULT CHARSET=utf8mb4 COLLATE=utf8mb4_unicode_ci;

-- --------------------------------------------------------

--
-- Estructura de tabla para la tabla `terceros`
--

CREATE TABLE `terceros` (
  `id` bigint(20) UNSIGNED NOT NULL,
  `tipoidentificacion` enum('CC','TI','TP','RC','CE') COLLATE utf8mb4_unicode_ci NOT NULL,
  `numeroidentificacion` varchar(255) COLLATE utf8mb4_unicode_ci NOT NULL,
  `idtipotercero` bigint(20) UNSIGNED NOT NULL,
  `nombre1` varchar(255) COLLATE utf8mb4_unicode_ci NOT NULL,
  `nombre2` varchar(255) COLLATE utf8mb4_unicode_ci NOT NULL,
  `apellido1` varchar(255) COLLATE utf8mb4_unicode_ci NOT NULL,
  `apellido2` varchar(255) COLLATE utf8mb4_unicode_ci NOT NULL,
  `iddepartamento` bigint(20) UNSIGNED NOT NULL,
  `idmunicipio` bigint(20) UNSIGNED NOT NULL,
  `created_at` timestamp NULL DEFAULT NULL,
  `updated_at` timestamp NULL DEFAULT NULL
) ENGINE=InnoDB DEFAULT CHARSET=utf8mb4 COLLATE=utf8mb4_unicode_ci;

--
-- Volcado de datos para la tabla `terceros`
--

INSERT INTO `terceros` (`id`, `tipoidentificacion`, `numeroidentificacion`, `idtipotercero`, `nombre1`, `nombre2`, `apellido1`, `apellido2`, `iddepartamento`, `idmunicipio`, `created_at`, `updated_at`) VALUES
(3, 'CC', '1070619406', 4, 'Cristian', 'Javier', 'Aparicio', 'Tique', 11, 509, '2022-02-04 05:00:00', '2022-02-04 05:00:00'),
(4, 'CC', '43445645656', 1, 'Javier', 'Cristian', 'Tique', 'Rojas', 1, 1, '2022-02-05 04:56:31', '2022-02-05 04:56:31');

-- --------------------------------------------------------

--
-- Estructura de tabla para la tabla `tipoterceros`
--

CREATE TABLE `tipoterceros` (
  `id` bigint(20) UNSIGNED NOT NULL,
  `nombtipo` enum('Paciente','Empleado','Contratista','Otro') COLLATE utf8mb4_unicode_ci NOT NULL,
  `created_at` timestamp NULL DEFAULT NULL,
  `updated_at` timestamp NULL DEFAULT NULL
) ENGINE=InnoDB DEFAULT CHARSET=utf8mb4 COLLATE=utf8mb4_unicode_ci;

--
-- Volcado de datos para la tabla `tipoterceros`
--

INSERT INTO `tipoterceros` (`id`, `nombtipo`, `created_at`, `updated_at`) VALUES
(1, 'Paciente', '2022-02-04 20:45:05', '2022-02-04 20:45:09'),
(2, 'Empleado', '2022-02-04 20:45:13', '2022-02-04 20:45:17'),
(3, 'Contratista', '2022-02-04 05:00:00', '2022-02-04 05:00:00'),
(4, 'Otro', '2022-02-04 05:00:00', '2022-02-04 05:00:00');

--
-- Índices para tablas volcadas
--

--
-- Indices de la tabla `departamentos`
--
ALTER TABLE `departamentos`
  ADD PRIMARY KEY (`id`);

--
-- Indices de la tabla `migrations`
--
ALTER TABLE `migrations`
  ADD PRIMARY KEY (`id`);

--
-- Indices de la tabla `municipios`
--
ALTER TABLE `municipios`
  ADD PRIMARY KEY (`id`),
  ADD KEY `municipios_iddepa_foreign` (`iddepa`);

--
-- Indices de la tabla `personal_access_tokens`
--
ALTER TABLE `personal_access_tokens`
  ADD PRIMARY KEY (`id`),
  ADD UNIQUE KEY `personal_access_tokens_token_unique` (`token`),
  ADD KEY `personal_access_tokens_tokenable_type_tokenable_id_index` (`tokenable_type`,`tokenable_id`);

--
-- Indices de la tabla `terceros`
--
ALTER TABLE `terceros`
  ADD PRIMARY KEY (`id`),
  ADD UNIQUE KEY `terceros_numeroidentificacion_unique` (`numeroidentificacion`),
  ADD KEY `terceros_idtipotercero_foreign` (`idtipotercero`),
  ADD KEY `terceros_iddepartamento_foreign` (`iddepartamento`),
  ADD KEY `terceros_idmunicipio_foreign` (`idmunicipio`);

--
-- Indices de la tabla `tipoterceros`
--
ALTER TABLE `tipoterceros`
  ADD PRIMARY KEY (`id`);

--
-- AUTO_INCREMENT de las tablas volcadas
--

--
-- AUTO_INCREMENT de la tabla `departamentos`
--
ALTER TABLE `departamentos`
  MODIFY `id` bigint(20) UNSIGNED NOT NULL AUTO_INCREMENT, AUTO_INCREMENT=34;

--
-- AUTO_INCREMENT de la tabla `migrations`
--
ALTER TABLE `migrations`
  MODIFY `id` int(10) UNSIGNED NOT NULL AUTO_INCREMENT, AUTO_INCREMENT=6;

--
-- AUTO_INCREMENT de la tabla `municipios`
--
ALTER TABLE `municipios`
  MODIFY `id` bigint(20) UNSIGNED NOT NULL AUTO_INCREMENT, AUTO_INCREMENT=1127;

--
-- AUTO_INCREMENT de la tabla `personal_access_tokens`
--
ALTER TABLE `personal_access_tokens`
  MODIFY `id` bigint(20) UNSIGNED NOT NULL AUTO_INCREMENT;

--
-- AUTO_INCREMENT de la tabla `terceros`
--
ALTER TABLE `terceros`
  MODIFY `id` bigint(20) UNSIGNED NOT NULL AUTO_INCREMENT, AUTO_INCREMENT=6;

--
-- AUTO_INCREMENT de la tabla `tipoterceros`
--
ALTER TABLE `tipoterceros`
  MODIFY `id` bigint(20) UNSIGNED NOT NULL AUTO_INCREMENT, AUTO_INCREMENT=5;

--
-- Restricciones para tablas volcadas
--

--
-- Filtros para la tabla `municipios`
--
ALTER TABLE `municipios`
  ADD CONSTRAINT `municipios_iddepa_foreign` FOREIGN KEY (`iddepa`) REFERENCES `departamentos` (`id`) ON DELETE CASCADE;

--
-- Filtros para la tabla `terceros`
--
ALTER TABLE `terceros`
  ADD CONSTRAINT `terceros_iddepartamento_foreign` FOREIGN KEY (`iddepartamento`) REFERENCES `departamentos` (`id`) ON DELETE CASCADE,
  ADD CONSTRAINT `terceros_idmunicipio_foreign` FOREIGN KEY (`idmunicipio`) REFERENCES `municipios` (`id`) ON DELETE CASCADE,
  ADD CONSTRAINT `terceros_idtipotercero_foreign` FOREIGN KEY (`idtipotercero`) REFERENCES `tipoterceros` (`id`) ON DELETE CASCADE;
COMMIT;

/*!40101 SET CHARACTER_SET_CLIENT=@OLD_CHARACTER_SET_CLIENT */;
/*!40101 SET CHARACTER_SET_RESULTS=@OLD_CHARACTER_SET_RESULTS */;
/*!40101 SET COLLATION_CONNECTION=@OLD_COLLATION_CONNECTION */;
